name,datetime,tempmax,tempmin,temp,feelslikemax,feelslikemin,feelslike,dew,humidity,precip,precipprob,precipcover,preciptype,snow,snowdepth,windgust,windspeed,winddir,sealevelpressure,cloudcover,visibility,solarradiation,solarenergy,uvindex,severerisk,sunrise,sunset,moonphase,conditions,description,icon,stations
"Bujumbura,Burundi",2024-07-15,32.1,19,25.9,31.6,19,26,16.4,57.9,0.1,100,4.17,rain,0,0,19.1,37.1,179.4,1015.2,27,13.5,201.1,17.5,7,10,2024-07-15T06:10:19,2024-07-15T18:06:57,0.31,"Rain, Partially cloudy",Partly cloudy throughout the day with early morning rain.,rain,"HBBA,64390099999,remote"
"Bujumbura,Burundi",2024-07-16,31,19,25.8,31.9,19,26.1,17,60,0,0,0,,0,0,27.7,29.5,164.7,1014.9,56.8,14.2,218.8,19,8,10,2024-07-16T06:10:23,2024-07-16T18:07:05,0.34,Partially cloudy,Partly cloudy throughout the day.,partly-cloudy-day,"HBBA,64390099999,remote"
"Bujumbura,Burundi",2024-07-17,33,20,25.9,33,20,26.2,17.5,61.6,0,0,0,,0,0,31.7,33.5,158.7,1014.9,44.3,11.5,197.1,16.9,7,10,2024-07-17T06:10:25,2024-07-17T18:07:12,0.37,Partially cloudy,Clearing in the afternoon.,partly-cloudy-day,"HBBA,64390099999,remote"
"Bujumbura,Burundi",2024-07-18,31,20,25.3,32.4,20,25.9,17.8,64,0,0,0,,0,0,34.6,37.1,177,1015,49.9,11.8,222.3,19.2,8,10,2024-07-18T06:10:27,2024-07-18T18:07:19,0.4,Partially cloudy,Partly cloudy throughout the day.,partly-cloudy-day,"HBBA,64390099999,remote"
"Bujumbura,Burundi",2024-07-19,31,20,25.4,30.9,20,25.8,17,60.9,0,0,0,,0,0,32.8,14.8,190.1,1014.7,64.1,13.7,185.8,16.1,8,10,2024-07-19T06:10:28,2024-07-19T18:07:26,0.43,Partially cloudy,Partly cloudy throughout the day.,partly-cloudy-day,"HBBA,64390099999,remote"
"Bujumbura,Burundi",2024-07-20,31,21.1,25.9,31.9,21.1,26.4,17.6,61.1,0.2,100,8.33,rain,0,0,29.2,37.1,182,1014.2,53.4,12.7,178,15.4,7,10,2024-07-20T06:10:29,2024-07-20T18:07:32,0.47,"Rain, Partially cloudy",Clearing in the afternoon with early morning rain.,rain,"HBBA,64390099999,remote"
"Bujumbura,Burundi",2024-07-21,31.1,21,26.5,35.6,21,27.3,17.7,58.9,0,0,0,,0,0,34.6,33.5,188.4,1014.8,49,13.6,190.4,16.3,7,10,2024-07-21T06:10:29,2024-07-21T18:07:38,0.5,Partially cloudy,Partly cloudy throughout the day.,partly-cloudy-day,"HBBA,64390099999,remote"
"Bujumbura,Burundi",2024-07-22,30.1,21,25.9,32,21,26.5,17.9,62.8,0,0,0,,0,0,34.6,11.2,231.1,1016.5,59.7,11.5,149.9,13.2,7,10,2024-07-22T06:10:28,2024-07-22T18:07:43,0.54,Partially cloudy,Partly cloudy throughout the day.,partly-cloudy-day,"HBBA,64390099999,remote"
"Bujumbura,Burundi",2024-07-23,30,18.2,23.9,32.6,18.2,24.6,16.9,65.5,0,0,0,,0,0,31.7,25.9,207.2,1017.5,51,13.2,233,20.1,8,10,2024-07-23T06:10:27,2024-07-23T18:07:48,0.57,Partially cloudy,Becoming cloudy in the afternoon.,partly-cloudy-day,"HBBA,64390099999,remote"
"Bujumbura,Burundi",2024-07-24,31,17.1,24.4,31.4,17.1,24.6,15.3,57.9,0,0,0,,0,0,32,16.6,211.5,1016.9,29.1,14,274.2,23.7,9,10,2024-07-24T06:10:25,2024-07-24T18:07:52,0.61,Partially cloudy,Partly cloudy throughout the day.,partly-cloudy-day,"HBBA,64390099999,remote"
"Bujumbura,Burundi",2024-07-25,30.7,18,24.7,30.2,18,24.8,15.6,58.2,0,0,0,,0,0,32,22.3,188.5,1015.4,6.2,12.8,254.8,22,9,10,2024-07-25T06:10:22,2024-07-25T18:07:55,0.64,Clear,Clear conditions throughout the day.,clear-day,"HBBA,64390099999,remote"
"Bujumbura,Burundi",2024-07-26,31,17,24.8,30.7,17,24.7,14.7,54.8,0,0,0,,0,0,36.7,27.7,163.8,1014.7,8.3,14.6,271.8,23.4,10,10,2024-07-26T06:10:19,2024-07-26T18:07:59,0.68,Clear,Clear conditions throughout the day.,clear-day,"HBBA,64390099999,remote"
"Bujumbura,Burundi",2024-07-27,30,20.9,25.4,30.4,20.9,25.6,14.9,53,0,0,0,,0,0,38.5,11.2,135,1014.8,38.3,16.4,258.6,22.4,9,10,2024-07-27T06:10:15,2024-07-27T18:08:01,0.71,Partially cloudy,Partly cloudy throughout the day.,partly-cloudy-day,"HBBA,64390099999,remote"
"Bujumbura,Burundi",2024-07-28,30.1,18,24.8,31.9,18,25.1,15.9,59.4,0,0,0,,0,0,33.8,29.5,199.4,1014.5,1.5,13.8,278.2,24.2,10,10,2024-07-28T06:10:10,2024-07-28T18:08:03,0.75,Clear,Clear conditions throughout the day.,clear-day,"HBBA,64390099999,remote"
"Bujumbura,Burundi",2024-07-29,31,19,25.1,31,19,25.4,16.1,58.3,0,0,0,,0,0,33.5,14.8,218.8,1013.7,39.4,13.6,249,21.4,9,10,2024-07-29T06:10:05,2024-07-29T18:08:05,0.78,Partially cloudy,Partly cloudy throughout the day.,partly-cloudy-day,"HBBA,64390099999,remote"
"Bujumbura,Burundi",2024-07-30,31.1,21.5,25.7,33.1,21.5,26.4,16.7,58.5,0,0,0,,0,0,38.9,18.4,214.5,1013.4,75.9,15.2,223.1,19.1,8,10,2024-07-30T06:09:59,2024-07-30T18:08:06,0.82,Partially cloudy,Partly cloudy throughout the day.,partly-cloudy-day,"HBBA,64390099999,remote"
"Bujumbura,Burundi",2024-07-31,30,21.9,25.3,32.1,21.9,25.6,17.5,62.8,0,0,0,,0,0,38.2,33.5,203.3,1014.1,70.3,12.8,222,19.1,8,10,2024-07-31T06:09:52,2024-07-31T18:08:06,0.86,Partially cloudy,Partly cloudy throughout the day.,partly-cloudy-day,"HBBA,64390099999,remote"
"Bujumbura,Burundi",2024-08-01,30.1,17.2,23.6,30.4,17.2,23.8,16,64,0,0,0,,0,0,31.7,31.7,194.2,1015.9,57.4,12.8,216.2,18.8,9,10,2024-08-01T06:09:45,2024-08-01T18:08:06,0.89,Partially cloudy,Partly cloudy throughout the day.,partly-cloudy-day,"HBBA,64390099999,remote"
"Bujumbura,Burundi",2024-08-02,31,18,24.4,31,18,24.5,16,61.1,0,0,0,,0,0,27.4,37.1,195.4,1015.8,30,12.8,268.1,23.3,9,10,2024-08-02T06:09:36,2024-08-02T18:08:05,0.93,Partially cloudy,Clearing in the afternoon.,partly-cloudy-day,"HBBA,64390099999,remote"
"Bujumbura,Burundi",2024-08-03,29.1,16.7,23.8,30.4,16.7,24,16.2,64.2,0,0,0,,0,0,29.2,40.7,202.5,1015.2,43.7,13.1,253.3,21.9,9,10,2024-08-03T06:09:28,2024-08-03T18:08:04,0.96,Partially cloudy,Partly cloudy throughout the day.,partly-cloudy-day,"HBBA,64390099999,remote"
"Bujumbura,Burundi",2024-08-04,30,16.1,23.6,30.1,16.1,23.7,15.2,61.8,0,0,0,,0,0,37.4,25.9,193.6,1014.8,34.5,16,250.5,21.6,9,10,2024-08-04T06:09:18,2024-08-04T18:08:02,0,Partially cloudy,Partly cloudy throughout the day.,partly-cloudy-day,"HBBA,64390099999,remote"
"Bujumbura,Burundi",2024-08-05,31,17,24.4,31.4,17,24.3,13.3,52,0,0,0,,0,0,31.7,29.5,204,1014.6,8.8,15.3,263.3,22.7,9,10,2024-08-05T06:09:08,2024-08-05T18:08:00,0.03,Clear,Clear conditions throughout the day.,clear-day,"HBBA,64390099999,remote"
"Bujumbura,Burundi",2024-08-06,32,16.1,23.9,30.9,16.1,24,13.5,54.4,0,0,0,,0,0,29.2,44.6,198.4,1014.1,11.6,12.5,281.2,24.3,10,10,2024-08-06T06:08:58,2024-08-06T18:07:57,0.06,Clear,Clear conditions throughout the day.,clear-day,"HBBA,64390099999,remote"
"Bujumbura,Burundi",2024-08-07,31,17,24.1,31.4,17,24.2,14.1,54.9,0,0,0,,0,0,36.4,37.1,187.3,1012.9,4.2,11.5,280.2,24.2,10,10,2024-08-07T06:08:46,2024-08-07T18:07:54,0.1,Clear,Clear conditions throughout the day.,clear-day,"HBBA,64390099999,remote"
"Bujumbura,Burundi",2024-08-08,30,19,25.2,31,19,25.2,15.3,55.7,0,0,0,,0,0,36.4,44.6,186.4,1013,35.3,15.4,216.7,18.7,9,10,2024-08-08T06:08:34,2024-08-08T18:07:50,0.13,Partially cloudy,Partly cloudy throughout the day.,partly-cloudy-day,"HBBA,64390099999,remote"
"Bujumbura,Burundi",2024-08-09,31,19,25.8,32.4,19,26.1,16.2,56.7,0,0,0,,0,0,34.9,29.5,189.1,1014.2,30,14.5,209.1,18,7,10,2024-08-09T06:08:22,2024-08-09T18:07:46,0.16,Partially cloudy,Clearing in the afternoon.,partly-cloudy-day,"HBBA,64390099999,remote"
"Bujumbura,Burundi",2024-08-10,30.3,18.9,24.2,30.9,18.9,24.3,16.1,62.6,0,0,0,,0,0,34.2,25.9,216.2,1013.8,49.6,17.4,214.6,18.5,9,10,2024-08-10T06:08:08,2024-08-10T18:07:41,0.19,Partially cloudy,Clearing in the afternoon.,partly-cloudy-day,"HBBA,64390099999,remote"
"Bujumbura,Burundi",2024-08-11,30.1,19.1,24.7,31.4,19.1,25.1,17.7,66.7,0,0,0,,0,0,36.7,25.9,198.4,1012.6,27.1,14.2,227.2,19.6,8,10,2024-08-11T06:07:54,2024-08-11T18:07:35,0.23,Partially cloudy,Partly cloudy throughout the day.,partly-cloudy-day,"HBBA,64390099999,remote"
"Bujumbura,Burundi",2024-08-12,30,18.4,25,30.8,18.4,25.2,16.8,62.1,0,0,0,,0,0,33.1,29.5,188.1,1012.9,45.3,15.1,200,17.3,8,10,2024-08-12T06:07:40,2024-08-12T18:07:29,0.25,Partially cloudy,Partly cloudy throughout the day.,partly-cloudy-day,"HBBA,remote"
"Bujumbura,Burundi",2024-08-13,31,20,25.7,31.4,20,25.9,15.8,55.5,0,0,0,,0,0,33.8,46.4,198,1012.9,23,17.4,191.7,16.4,7,10,2024-08-13T06:07:25,2024-08-13T18:07:23,0.29,Partially cloudy,Partly cloudy throughout the day.,partly-cloudy-day,"HBBA,64390099999,remote"
"Bujumbura,Burundi",2024-08-14,30.7,19.2,25.2,31.4,19.2,25.6,17,61.4,0,0,0,,0,0,35.3,25.9,191.9,1013.7,50.4,11.1,195.5,17,7,10,2024-08-14T06:07:09,2024-08-14T18:07:16,0.33,Partially cloudy,Partly cloudy throughout the day.,partly-cloudy-day,"HBBA,64390099999,remote"
"Bujumbura,Burundi",2024-08-15,32,19.1,25.4,34.2,19.1,26.3,18.7,67.1,0,0,0,,0,0,42.5,31.7,188.9,1014.5,69.5,15.1,176.9,15.4,8,10,2024-08-15T06:06:53,2024-08-15T18:07:08,0.36,Partially cloudy,Partly cloudy throughout the day.,partly-cloudy-day,"HBBA,64390099999,remote"
"Bujumbura,Burundi",2024-08-16,30.7,18.2,24.5,32.6,18.2,25.2,17.5,66,0,0,0,,0,0,31.3,48.2,193,1014.9,33.8,12.5,181.8,15.8,6,10,2024-08-16T06:06:36,2024-08-16T18:07:00,0.39,Partially cloudy,Partly cloudy throughout the day.,partly-cloudy-day,"HBBA,64390099999,remote"
"Bujumbura,Burundi",2024-08-17,31,17.3,24.3,30.3,17.3,24.3,15.2,59.9,0,0,0,,0,0,36.4,48.2,209.7,1014.3,32.6,15.3,236.1,20.4,8,10,2024-08-17T06:06:19,2024-08-17T18:06:52,0.42,Partially cloudy,Clearing in the afternoon.,partly-cloudy-day,"HBBA,64390099999,remote"
"Bujumbura,Burundi",2024-08-18,30.2,18.9,24.6,30.1,18.9,24.6,14.8,56.2,0,0,0,,0,0,35.6,33.5,193.8,1015.1,59,13.4,189.8,16.5,6,10,2024-08-18T06:06:01,2024-08-18T18:06:43,0.46,Partially cloudy,Partly cloudy throughout the day.,partly-cloudy-day,"HBBA,64390099999,remote"
"Bujumbura,Burundi",2024-08-19,31.1,17.3,24.4,30.9,17.3,24.5,15,57.7,0,0,0,,0,0,34.9,44.6,198,1015,62.1,16,219.3,18.9,7,10,2024-08-19T06:05:42,2024-08-19T18:06:34,0.5,Partially cloudy,Partly cloudy throughout the day.,partly-cloudy-day,"HBBA,64390099999,remote"
"Bujumbura,Burundi",2024-08-20,30.1,18,24.6,29.9,18,24.6,14.7,55.9,0,0,0,,0,0,34.6,31.7,189.4,1015.5,27.4,14.1,265.9,22.9,9,10,2024-08-20T06:05:23,2024-08-20T18:06:24,0.52,Partially cloudy,Clearing in the afternoon.,partly-cloudy-day,"HBBA,64390099999,remote"
"Bujumbura,Burundi",2024-08-21,30,20,25.4,30.1,20,25.5,15.4,55,0,0,0,,0,0,41.8,29.5,177.3,1014.5,65,13.5,178.6,15.5,6,10,2024-08-21T06:05:04,2024-08-21T18:06:14,0.56,Partially cloudy,Partly cloudy throughout the day.,partly-cloudy-day,"HBBA,64390099999,remote"
"Bujumbura,Burundi",2024-08-22,28.1,19.1,23.5,28.9,19.1,23.8,15.8,62.9,0,0,0,,0,0,35.3,14,139.3,1014.3,66.3,13.1,199.4,17.2,8,10,2024-08-22T06:04:44,2024-08-22T18:06:03,0.59,Partially cloudy,Partly cloudy throughout the day.,partly-cloudy-day,"HBBA,64390099999,remote"
"Bujumbura,Burundi",2024-08-23,31,18,24.4,30.7,18,24.5,14.9,57.3,0,0,0,,0,0,36.4,44.6,179.1,1014.3,48.8,13.5,248.2,21.6,8,10,2024-08-23T06:04:23,2024-08-23T18:05:52,0.63,Partially cloudy,Partly cloudy throughout the day.,partly-cloudy-day,"HBBA,64390099999,remote"
"Bujumbura,Burundi",2024-08-24,30,20,25.4,30.4,20,25.6,15.9,56.7,0,0,0,,0,0,39.6,22.3,187.6,1014.8,61.3,13.9,226.7,19.6,7,10,2024-08-24T06:04:03,2024-08-24T18:05:41,0.66,Partially cloudy,Partly cloudy throughout the day.,partly-cloudy-day,"HBBA,64390099999,remote"
"Bujumbura,Burundi",2024-08-25,30,19.2,24.7,30.4,19.2,24.8,16,59.9,0,0,0,,0,0,37.4,38.9,182.6,1015,61.3,12.9,236.1,20.2,7,10,2024-08-25T06:03:41,2024-08-25T18:05:29,0.7,Partially cloudy,Partly cloudy throughout the day.,partly-cloudy-day,"HBBA,64390099999,remote"
"Bujumbura,Burundi",2024-08-26,30,20,25,30.9,20,25,15.7,57.7,0,0,0,,0,0,40.3,29.5,201.1,1014.3,57.4,16.1,214.1,18.4,7,10,2024-08-26T06:03:19,2024-08-26T18:05:17,0.75,Partially cloudy,Partly cloudy throughout the day.,partly-cloudy-day,"HBBA,64390099999,remote"
"Bujumbura,Burundi",2024-08-27,31.1,18,25,31.5,18,25.3,16.3,60.1,0,0,0,,0,0,26.6,33.5,195,1014.4,46.5,13.7,235.6,20.2,9,10,2024-08-27T06:02:57,2024-08-27T18:05:05,0.77,Partially cloudy,Clearing in the afternoon.,partly-cloudy-day,"HBBA,64390099999,remote"
"Bujumbura,Burundi",2024-08-28,31.1,21.1,26.1,32.5,21.1,26.6,17.7,60.9,0,0,0,,0,0,27.4,22.3,207.5,1014.4,46.3,13.6,217.2,18.9,8,10,2024-08-28T06:02:35,2024-08-28T18:04:52,0.8,Partially cloudy,Partly cloudy throughout the day.,partly-cloudy-day,"HBBA,64390099999,remote"
"Bujumbura,Burundi",2024-08-29,29,21.1,25.3,30.8,21.1,26.1,18.9,67.7,0,0,0,rain,0,0,33.1,48.2,190.2,1015.1,56.9,14,187.3,16,8,10,2024-08-29T06:02:12,2024-08-29T18:04:39,0.84,Partially cloudy,Partly cloudy throughout the day.,partly-cloudy-day,"HBBA,64390099999,remote"
"Bujumbura,Burundi",2024-08-30,30.1,18,25.1,31.9,18,25.9,17.5,63.3,0,0,0,,0,0,34.2,37.1,194.2,1012.1,34,14.5,221.3,19.2,8,10,2024-08-30T06:01:48,2024-08-30T18:04:25,0.87,Partially cloudy,Partly cloudy throughout the day.,partly-cloudy-day,"HBBA,64390099999,remote"
"Bujumbura,Burundi",2024-08-31,32.1,17.9,25.5,31.6,17.9,25.8,16.4,59.6,0,0,0,,0,0,33.1,48.2,195.1,1014.5,31.9,16.2,227.2,19.6,9,10,2024-08-31T06:01:25,2024-08-31T18:04:12,0.91,Partially cloudy,Partly cloudy throughout the day.,partly-cloudy-day,"HBBA,64390099999,remote"
"Bujumbura,Burundi",2024-09-01,30,19,24.8,31.4,19,25.1,16.4,61,0,0,0,,0,0,36,37.1,193.4,1015.2,44.5,15.3,205.6,17.7,7,10,2024-09-01T06:01:01,2024-09-01T18:03:58,0.94,Partially cloudy,Partly cloudy throughout the day.,partly-cloudy-day,"HBBA,64390099999,remote"
"Bujumbura,Burundi",2024-09-02,31.1,19.4,25.7,33.8,19.4,26.6,18,63.3,0,0,0,,0,0,28.4,40.7,202.3,1014.6,59.4,13,209.3,18,8,10,2024-09-02T06:00:36,2024-09-02T18:03:43,0.98,Partially cloudy,Partly cloudy throughout the day.,partly-cloudy-day,"HBBA,64390099999,remote"
"Bujumbura,Burundi",2024-09-03,31.1,21,25.6,31.9,21,26.2,17.4,61.2,0,0,0,,0,0,35.3,40.7,193.3,1014.3,51.8,13.8,185.8,15.9,8,10,2024-09-03T06:00:12,2024-09-03T18:03:29,0,Partially cloudy,Clearing in the afternoon.,partly-cloudy-day,"HBBA,64390099999,remote"
"Bujumbura,Burundi",2024-09-04,31,19.7,25.5,33.8,19.7,26.1,17.1,60.8,0,0,0,,0,0,35.3,55.4,197.1,1014.3,60.6,13.4,178,15.4,6,10,2024-09-04T05:59:47,2024-09-04T18:03:14,0.04,Partially cloudy,Partly cloudy throughout the day.,wind,"HBBA,64390099999,remote"
"Bujumbura,Burundi",2024-09-05,31,19,25.3,32.6,19,26.1,17.9,64.3,0,0,0,,0,0,33.8,33.5,187.8,1014.1,52.4,12.7,212.9,18.4,8,10,2024-09-05T05:59:21,2024-09-05T18:02:59,0.08,Partially cloudy,Partly cloudy throughout the day.,partly-cloudy-day,"HBBA,64390099999,remote"
"Bujumbura,Burundi",2024-09-06,31,18.9,25.3,33.8,18.9,25.8,16.9,61.3,0,0,0,,0,0,36,37.1,203.2,1014.2,47.3,15.4,188.7,16.3,8,10,2024-09-06T05:58:56,2024-09-06T18:02:44,0.11,Partially cloudy,Partly cloudy throughout the day.,partly-cloudy-day,"HBBA,64390099999,remote"
"Bujumbura,Burundi",2024-09-07,31.1,19,25.2,33.1,19,26,17.1,61.8,0,0,0,,0,0,33.5,53.6,191,1014.3,37.9,13.9,213.2,18.5,8,10,2024-09-07T05:58:30,2024-09-07T18:02:29,0.14,Partially cloudy,Clearing in the afternoon.,wind,"HBBA,64390099999,remote"
"Bujumbura,Burundi",2024-09-08,31.1,19.6,26.1,33.1,19.6,27,17.6,60.2,0,0,0,,0,0,32.8,48.2,192.9,1014.3,49.9,14.2,213.7,18.4,8,10,2024-09-08T05:58:05,2024-09-08T18:02:14,0.18,Partially cloudy,Clearing in the afternoon.,partly-cloudy-day,"HBBA,64390099999,remote"
"Bujumbura,Burundi",2024-09-09,31.4,20.5,26.2,32.2,20.5,26.4,16.2,55.2,0,0,0,,0,0,34.9,48.2,198.9,1013.9,52.5,13.5,169.6,14.6,8,10,2024-09-09T05:57:39,2024-09-09T18:01:58,0.21,Partially cloudy,Clearing in the afternoon.,partly-cloudy-day,"HBBA,64390099999,remote"
"Bujumbura,Burundi",2024-09-10,33,19.6,26,33,19.6,26.1,15.1,52.6,0,0,0,,0,0,34.6,37.1,208.2,1012.8,37.2,14.7,223.7,19.1,7,10,2024-09-10T05:57:12,2024-09-10T18:01:42,0.24,Partially cloudy,Clearing in the afternoon.,partly-cloudy-day,"HBBA,64390099999,remote"
"Bujumbura,Burundi",2024-09-11,32,19.4,26.2,33.5,19.4,26.8,16.6,56.7,0,0,0,,0,0,37.4,40.7,199.3,1012,36.6,14.7,261.6,22.4,9,10,2024-09-11T05:56:46,2024-09-11T18:01:27,0.25,Partially cloudy,Partly cloudy throughout the day.,partly-cloudy-day,"HBBA,64390099999,remote"
"Bujumbura,Burundi",2024-09-12,31.1,18.9,25.7,31.5,18.9,25.8,15.4,55,0,0,0,,0,0,37.1,38.9,195.8,1013.4,69,16.2,276.3,23.8,10,10,2024-09-12T05:56:19,2024-09-12T18:01:11,0.31,Partially cloudy,Partly cloudy throughout the day.,partly-cloudy-day,"HBBA,64390099999,remote"
"Bujumbura,Burundi",2024-09-13,31,18.6,25.1,32.9,18.6,25.7,15.1,54.7,0,0,0,,0,0,40,40.7,201.1,1013.8,40.2,13.6,293.8,25.5,10,10,2024-09-13T05:55:53,2024-09-13T18:00:55,0.34,Partially cloudy,Partly cloudy throughout the day.,partly-cloudy-day,"HBBA,64390099999,remote"
"Bujumbura,Burundi",2024-09-14,33,18.4,25.6,32.6,18.4,25.6,14.8,53.7,0,0,0,,0,0,42.5,44.6,189.1,1014.2,13.5,12.2,321.5,27.8,10,10,2024-09-14T05:55:26,2024-09-14T18:00:39,0.38,Clear,Clear conditions throughout the day.,clear-day,"HBBA,64390099999,remote"
"Bujumbura,Burundi",2024-09-15,32.1,16.2,24.9,31.7,16.2,24.8,13,49.7,0,0,0,,0,0,33.8,42.5,192.6,1013.5,19.3,13.5,315.9,27.4,10,10,2024-09-15T05:54:59,2024-09-15T18:00:23,0.41,Clear,Clear conditions throughout the day.,clear-day,"HBBA,64390099999,remote"
"Bujumbura,Burundi",2024-09-16,32.8,19,25.8,31.9,19,25.7,13.4,47.1,0,0,0,,0,0,36,25.9,198.2,1012.3,32.6,17.1,245.5,21.3,9,10,2024-09-16T05:54:33,2024-09-16T18:00:07,0.44,Partially cloudy,Partly cloudy throughout the day.,partly-cloudy-day,"HBBA,64390099999,remote"
"Bujumbura,Burundi",2024-09-17,32,19.4,25.7,32.4,19.4,25.7,14.3,50.5,0,0,0,,0,0,28.8,37.1,190.4,1013.2,54.9,15.2,226.2,19.5,8,10,2024-09-17T05:54:06,2024-09-17T17:59:51,0.48,Partially cloudy,Clearing in the afternoon.,partly-cloudy-day,"HBBA,64390099999,remote"
"Bujumbura,Burundi",2024-09-18,32,20,25.7,33.5,20,26.3,17,59.8,0,0,0,,0,0,29.2,25.9,205.8,1012,48,13.7,209.8,17.9,8,10,2024-09-18T05:53:39,2024-09-18T17:59:35,0.5,Partially cloudy,Partly cloudy throughout the day.,partly-cloudy-day,"HBBA,64390099999,remote"
"Bujumbura,Burundi",2024-09-19,33,20.6,27.1,34.6,20.6,27.9,17.2,55.1,0,0,0,,0,0,27.7,42.5,197.6,1010.9,73.2,14.3,160.9,13.9,6,10,2024-09-19T05:53:12,2024-09-19T17:59:19,0.54,Partially cloudy,Becoming cloudy in the afternoon.,partly-cloudy-day,"HBBA,64390099999,remote"
"Bujumbura,Burundi",2024-09-20,32,20.9,25.6,32.4,20.9,26,17.2,60.9,0,0,0,rain,0,0,30.6,18.4,353,1012.8,79,13.1,189.2,16.2,8,10,2024-09-20T05:52:45,2024-09-20T17:59:03,0.58,Partially cloudy,Partly cloudy throughout the day.,partly-cloudy-day,"HBBA,64390099999,remote"
"Bujumbura,Burundi",2024-09-21,31,21.5,25.4,32.4,21.5,25.5,16.5,59.5,0,0,0,rain,0,0,31.3,29.5,212.1,1012.6,92.1,15.6,152.5,13.2,7,10,2024-09-21T05:52:19,2024-09-21T17:58:47,0.61,Overcast,Cloudy skies throughout the day.,cloudy,"HBBA,64390099999,remote"
"Bujumbura,Burundi",2024-09-22,28.1,20.7,24.4,29.7,20.7,24.8,18.9,72,0,0,0,rain,0,0,43.2,33.5,192,1013.5,85.9,14.2,166.5,14.3,7,10,2024-09-22T05:51:52,2024-09-22T17:58:32,0.65,Partially cloudy,Partly cloudy throughout the day.,partly-cloudy-day,"HBBA,64390099999,remote"
"Bujumbura,Burundi",2024-09-23,31.1,19.5,25.7,31.8,19.5,25.9,15.2,54.4,0,0,0,,0,0,33.8,44.6,192.7,1013.5,46.4,15.4,213.5,18.4,7,10,2024-09-23T05:51:25,2024-09-23T17:58:16,0.68,Partially cloudy,Clearing in the afternoon.,partly-cloudy-day,"HBBA,64390099999,remote"
"Bujumbura,Burundi",2024-09-24,32,17.5,25.1,32.5,17.5,25.3,14.3,53.2,0,0,0,,0,0,31,33.5,202.6,1013.1,33.8,15.3,275.4,23.8,10,10,2024-09-24T05:50:59,2024-09-24T17:58:00,0.75,Partially cloudy,Partly cloudy throughout the day.,partly-cloudy-day,"HBBA,64390099999,remote"
"Bujumbura,Burundi",2024-09-25,32.1,18.4,25.6,32.9,18.4,25.9,15.6,55,0,0,0,,0,0,36.4,51.8,191.9,1013.3,40.5,14.7,279.7,24.2,9,10,2024-09-25T05:50:33,2024-09-25T17:57:45,0.75,Partially cloudy,Becoming cloudy in the afternoon.,wind,"HBBA,64390099999,remote"
"Bujumbura,Burundi",2024-09-26,32,18.8,25.9,32.4,18.8,26.1,15.9,55.6,0,0,0,,0,0,36,44.6,188.8,1012.5,36,13.3,266.2,23,9,10,2024-09-26T05:50:07,2024-09-26T17:57:30,0.78,Partially cloudy,Partly cloudy throughout the day.,partly-cloudy-day,"HBBA,64390099999,remote"
"Bujumbura,Burundi",2024-09-27,33.1,19.5,26.5,34.1,19.5,26.8,15.4,51.5,0,0,0,,0,0,36.4,51.8,187.4,1011.2,45.1,14.2,237.1,20.6,9,10,2024-09-27T05:49:41,2024-09-27T17:57:15,0.82,Partially cloudy,Partly cloudy throughout the day.,wind,"HBBA,64390099999,remote"
"Bujumbura,Burundi",2024-09-28,32.1,18.9,24.7,34.3,18.9,25,13.2,49.4,0,0,0,,0,0,43.2,37.1,191,1010.2,66.7,15.8,227.3,19.6,8,10,2024-09-28T05:49:15,2024-09-28T17:57:01,0.85,Partially cloudy,Becoming cloudy in the afternoon.,partly-cloudy-day,"64390099999,remote"
"Bujumbura,Burundi",2024-09-29,32.1,19.2,26.7,34.3,19.2,26.9,15.8,52.3,0,0,0,,0,0,43.9,27.7,192.1,1011.5,81.7,15.5,246.5,21.4,8,30,2024-09-29T05:48:49,2024-09-29T17:56:46,0.89,Partially cloudy,Partly cloudy throughout the day.,partly-cloudy-day,"64390099999,remote"
"Bujumbura,Burundi",2024-09-30,31.1,21,26.2,31.5,21,26.3,16,54.7,0,0,0,rain,0,0,31.7,20.5,31.3,1012,86.5,13.8,224.6,19.5,9,10,2024-09-30T05:48:24,2024-09-30T17:56:32,0.92,Partially cloudy,Partly cloudy throughout the day.,partly-cloudy-day,"HBBA,64390099999,remote"
"Bujumbura,Burundi",2024-10-01,34.1,19.3,25.5,34.7,19.3,25.7,17.7,65.4,0.5,100,8.33,rain,0,0,28.1,55.4,149.7,1011,73,14.3,187.9,16.2,9,10,2024-10-01T05:47:59,2024-10-01T17:56:18,0.95,"Rain, Partially cloudy",Partly cloudy throughout the day with late afternoon rain.,rain,"HBBA,64390099999,remote"
"Bujumbura,Burundi",2024-10-02,30.1,20,24.7,32.6,20,25.3,18.7,70.4,12.5,100,25,rain,0,0,23.4,29.5,173,1011.4,85.4,15.5,232.7,20.2,10,10,2024-10-02T05:47:34,2024-10-02T17:56:04,0,"Rain, Partially cloudy",Partly cloudy throughout the day with rain.,rain,"HBBA,64390099999,remote"
"Bujumbura,Burundi",2024-10-03,31.1,21.2,25.7,31.9,21.2,26.1,17.6,62.7,0,0,0,,0,0,38.2,29.5,212.3,1013.5,55.2,15.7,277.3,24,9,10,2024-10-03T05:47:10,2024-10-03T17:55:51,0.02,Partially cloudy,Partly cloudy throughout the day.,partly-cloudy-day,"HBBA,64390099999,remote"
"Bujumbura,Burundi",2024-10-04,33.1,19.4,26,32.7,19.4,26.1,14.9,53.3,0,0,0,,0,0,36.7,40.7,192.1,1013.6,37.6,14.8,327.8,28.3,10,10,2024-10-04T05:46:46,2024-10-04T17:55:38,0.06,Partially cloudy,Partly cloudy throughout the day.,partly-cloudy-day,"HBBA,64390099999,remote"
"Bujumbura,Burundi",2024-10-05,31,21.3,25.9,31,21.3,26.2,16.4,56.5,0.7,100,12.5,rain,0,0,21.2,46.4,184.9,1014.2,56.4,14.4,269.8,23.4,10,10,2024-10-05T05:46:22,2024-10-05T17:55:26,0.09,"Rain, Partially cloudy",Partly cloudy throughout the day with early morning rain.,rain,"HBBA,64390099999,remote"
"Bujumbura,Burundi",2024-10-06,30.1,19.9,25.8,30.9,19.9,26.2,16.8,58.2,0,0,0,rain,0,0,38.9,44.6,190.3,1013.2,55.6,15.6,229.9,19.8,8,10,2024-10-06T05:45:59,2024-10-06T17:55:13,0.12,Partially cloudy,Becoming cloudy in the afternoon.,partly-cloudy-day,"HBBA,64390099999,remote"
"Bujumbura,Burundi",2024-10-07,33,21.3,27.2,34.2,21.3,27.9,17.7,56.8,0.1,100,4.17,rain,0,0,40.7,33.5,188.1,1013.2,68.2,13.4,210.3,18.2,8,10,2024-10-07T05:45:36,2024-10-07T17:55:01,0.16,"Rain, Partially cloudy",Partly cloudy throughout the day with late afternoon rain.,rain,"HBBA,64390099999,remote"
"Bujumbura,Burundi",2024-10-08,27.1,20.5,22.6,28.3,20.5,22.6,18.5,78.8,0.2,100,8.33,rain,0,0,28.4,29.5,334.4,1016.4,94.3,15.1,147.1,12.7,7,10,2024-10-08T05:45:13,2024-10-08T17:54:50,0.19,"Rain, Overcast",Cloudy skies throughout the day with early morning rain.,rain,"HBBA,64390099999,remote"
"Bujumbura,Burundi",2024-10-09,27,20.6,23.7,28.5,20.6,23.7,18.6,74.1,0,0,0,rain,0,0,23,14.8,212.1,1016.4,90.5,14.7,151.2,12.8,5,10,2024-10-09T05:44:51,2024-10-09T17:54:39,0.23,Overcast,Cloudy skies throughout the day.,cloudy,"HBBA,64390099999,remote"
"Bujumbura,Burundi",2024-10-10,31.1,20.2,25.2,32.6,20.2,25.5,17.8,65.2,0.4,100,4.17,rain,0,0,30.2,29.5,194.2,1014.8,76.8,15.5,138,11.8,6,10,2024-10-10T05:44:29,2024-10-10T17:54:29,0.25,"Rain, Partially cloudy",Partly cloudy throughout the day with late afternoon rain.,rain,"HBBA,64390099999,remote"
"Bujumbura,Burundi",2024-10-11,25.1,19.9,22.2,25.1,19.9,22.2,19.1,82.7,10,100,4.17,rain,0,0,21.2,22.3,194.6,1016.8,93.1,12.3,92.4,8,5,10,2024-10-11T05:44:08,2024-10-11T17:54:18,0.29,"Rain, Overcast",Cloudy skies throughout the day with late afternoon rain.,rain,"HBBA,64390099999,remote"
"Bujumbura,Burundi",2024-10-12,29,17.7,23,30.3,17.7,23.4,17.8,73.1,0,0,0,rain,0,0,29.9,18.4,227.8,1015.9,70.2,15.5,170.3,14.7,7,10,2024-10-12T05:43:48,2024-10-12T17:54:09,0.33,Partially cloudy,Partly cloudy throughout the day.,partly-cloudy-day,"HBBA,64390099999,remote"
"Bujumbura,Burundi",2024-10-13,31.1,19.1,25.5,33.1,19.1,26.1,17.8,63.8,0,0,0,,0,0,16.6,14.8,185.8,1013.8,41.5,14.5,315.7,27.3,10,10,2024-10-13T05:43:27,2024-10-13T17:54:00,0.36,Partially cloudy,Partly cloudy throughout the day.,partly-cloudy-day,"HBBA,64390099999,remote"
"Bujumbura,Burundi",2024-10-14,31.1,17.9,25.1,33.1,17.9,25.8,17.3,63.1,0,0,0,,0,0,29.9,38.3,199.4,1013.4,69.7,15.3,236.9,20.4,8,10,2024-10-14T05:43:08,2024-10-14T17:53:51,0.4,Partially cloudy,Partly cloudy throughout the day.,partly-cloudy-day,"HBBA,64390099999,remote"
"Bujumbura,Burundi",2024-10-15,31,19.8,25.4,33.1,19.8,26.1,18.5,66.8,0,0,0,,0,0,31.3,44.6,186.9,1014.1,65.7,14.1,226.9,19.6,9,30,2024-10-15T05:42:49,2024-10-15T17:53:43,0.43,Partially cloudy,Partly cloudy throughout the day.,partly-cloudy-day,"HBBA,64390099999,remote"
"Bujumbura,Burundi",2024-10-16,32,22.1,26.7,33.1,22.1,27.3,18.1,60.2,0,0,0,rain,0,0,30.2,25.9,167.1,1014.2,53.3,15.4,245.9,21.2,10,10,2024-10-16T05:42:30,2024-10-16T17:53:36,0.46,Partially cloudy,Partly cloudy throughout the day.,partly-cloudy-day,"HBBA,64390099999,remote"
"Bujumbura,Burundi",2024-10-17,32.1,20.3,25.2,33.1,20.3,25.4,17.9,66,1,100,4.17,rain,0,0,31.3,66.6,158.4,1014.6,79.1,15.8,198.3,17,9,30,2024-10-17T05:42:12,2024-10-17T17:53:29,0.5,"Rain, Partially cloudy",Partly cloudy throughout the day with late afternoon rain.,rain,"HBBA,64390099999,remote"
"Bujumbura,Burundi",2024-10-18,31.1,19.3,24.9,32.6,19.3,25.6,19.4,72.4,0.1,100,4.17,rain,0,0,23.8,11.2,64.9,1014.3,89.1,12.8,158.5,13.7,6,10,2024-10-18T05:41:55,2024-10-18T17:53:23,0.53,"Rain, Partially cloudy",Partly cloudy throughout the day with early morning rain.,rain,"HBBA,64390099999,remote"
"Bujumbura,Burundi",2024-10-19,31.1,19.7,24.6,32.5,19.7,25,18.3,69.3,3.5,100,37.5,rain,0,0,25.6,20.5,65.1,1012.8,92.1,19.6,180.9,15.5,7,30,2024-10-19T05:41:39,2024-10-19T17:53:17,0.56,"Rain, Overcast",Cloudy skies throughout the day with rain clearing later.,rain,"HBBA,64390099999,remote"
"Bujumbura,Burundi",2024-10-20,28.9,19.1,23.9,29.3,19.1,24,18.1,71.1,0.2,100,4.17,rain,0,0,30.6,55.4,152.4,1013.8,94.2,18.5,172.6,14.6,8,10,2024-10-20T05:41:23,2024-10-20T17:53:12,0.6,"Rain, Overcast",Cloudy skies throughout the day with afternoon rain.,rain,"HBBA,64390099999,remote"
"Bujumbura,Burundi",2024-10-21,30.1,19.3,24.1,31.4,19.3,24.3,18.7,73.6,1,100,4.17,rain,0,0,20.5,18.4,147.9,1013.6,84.9,16.7,161.6,13.9,7,10,2024-10-21T05:41:07,2024-10-21T17:53:08,0.63,"Rain, Partially cloudy",Partly cloudy throughout the day with morning rain.,rain,"HBBA,64390099999,remote"
"Bujumbura,Burundi",2024-10-22,31,21.4,25.9,33.1,21.4,26.6,18.7,65.2,1,100,8.33,rain,0,0,29.9,29.5,189.9,1014,63,16,193.4,16.7,7,10,2024-10-22T05:40:53,2024-10-22T17:53:04,0.66,"Rain, Partially cloudy",Partly cloudy throughout the day with early morning rain.,rain,"HBBA,64390099999,remote"
"Bujumbura,Burundi",2024-10-23,32,20,24.8,34.2,20,25.3,18.1,67.1,0,0,0,,0,0,33.8,14.8,244.9,1012.8,72.7,16.5,192.4,16.4,8,10,2024-10-23T05:40:39,2024-10-23T17:53:01,0.7,Partially cloudy,Partly cloudy throughout the day.,partly-cloudy-day,"HBBA,64390099999,remote"
"Bujumbura,Burundi",2024-10-24,33.1,19.5,25.6,34.7,19.5,26.2,17.8,63.9,0,0,0,,0,0,33.5,33.5,215.2,1012.1,43.3,18.8,245.5,21.2,9,10,2024-10-24T05:40:26,2024-10-24T17:52:58,0.75,Partially cloudy,Becoming cloudy in the afternoon.,partly-cloudy-day,"HBBA,64390099999,remote"
"Bujumbura,Burundi",2024-10-25,33,19.9,26.2,34.6,19.9,26.9,18.7,65.3,0,0,0,rain,0,0,26.6,29.5,200.6,1011.7,62.9,14.1,190,16.5,8,30,2024-10-25T05:40:14,2024-10-25T17:52:57,0.76,Partially cloudy,Partly cloudy throughout the day.,partly-cloudy-day,"HBBA,64390099999,remote"
"Bujumbura,Burundi",2024-10-26,31.1,20.2,24.9,33.8,20.2,25.6,18.8,70.2,0,0,0,,0,0,24.8,24.1,28.7,1011.7,73.4,14.1,184.3,15.8,8,10,2024-10-26T05:40:02,2024-10-26T17:52:56,0.8,Partially cloudy,Becoming cloudy in the afternoon.,partly-cloudy-day,"HBBA,64390099999,remote"
"Bujumbura,Burundi",2024-10-27,31,20.6,24.3,31.9,20.6,24.6,18.8,72.7,33,100,4.17,rain,0,0,29.2,66.6,174.9,1013.3,80.2,13.4,189.3,16.4,8,10,2024-10-27T05:39:51,2024-10-27T17:52:56,0.83,"Rain, Partially cloudy",Partly cloudy throughout the day with late afternoon rain.,rain,"HBBA,64390099999,remote"
"Bujumbura,Burundi",2024-10-28,31.1,20.5,24.8,33.1,20.5,25.3,18.9,71.6,0.7,100,16.67,rain,0,0,19.1,25.9,165.8,1011.5,63.1,18.6,200.4,17.2,7,30,2024-10-28T05:39:41,2024-10-28T17:52:56,0.86,"Rain, Partially cloudy",Partly cloudy throughout the day with rain.,rain,"HBBA,64390099999,remote"
"Bujumbura,Burundi",2024-10-29,32.1,22.1,26.4,33.1,22.1,27.3,18.6,63.3,0,0,0,,0,0,23.8,27.7,186.1,1011.7,68.1,15.7,193.3,16.6,9,10,2024-10-29T05:39:32,2024-10-29T17:52:57,0.9,Partially cloudy,Partly cloudy throughout the day.,partly-cloudy-day,"64390099999,remote"
"Bujumbura,Burundi",2024-10-30,32.3,20,25.2,33.8,20,25.5,18.2,67.2,0.3,100,4.17,rain,0,0,36,55.4,229.3,1011.5,71.6,17.8,220.9,19.1,8,10,2024-10-30T05:39:23,2024-10-30T17:52:59,0.93,"Rain, Partially cloudy",Partly cloudy throughout the day with morning rain.,rain,"64390099999,remote"
"Bujumbura,Burundi",2024-10-31,29,19.7,24.5,32,19.7,25.2,19.1,73.2,0,0,0,,0,0,24.5,14.8,213.1,1012.8,85.8,15.6,156.8,13.5,7,10,2024-10-31T05:39:16,2024-10-31T17:53:02,0.96,Partially cloudy,Partly cloudy throughout the day.,partly-cloudy-day,"HBBA,64390099999,remote"
"Bujumbura,Burundi",2024-11-01,27,19.2,22.6,28.5,19.2,22.7,17.5,73.1,18,100,4.17,rain,0,0,35.3,74.2,188,1013.9,80.2,13.2,214.8,18.6,9,10,2024-11-01T05:39:09,2024-11-01T17:53:05,0,"Rain, Partially cloudy",Partly cloudy throughout the day with afternoon rain.,rain,"HBBA,64390099999,remote"
"Bujumbura,Burundi",2024-11-02,27.9,18.4,23,28.2,18.4,23,16.3,68,0,0,0,,0,0,32.8,18.4,230,1013.5,76.9,17.1,173.7,14.9,8,10,2024-11-02T05:39:03,2024-11-02T17:53:10,0.03,Partially cloudy,Partly cloudy throughout the day.,partly-cloudy-day,"HBBA,64390099999,remote"
"Bujumbura,Burundi",2024-11-03,31.1,18.2,24.7,32.5,18.2,25.3,17.9,67.1,0,0,0,,0,0,30.2,25.9,213.2,1013.6,36.5,15.3,227.2,19.6,7,10,2024-11-03T05:38:58,2024-11-03T17:53:15,0.07,Partially cloudy,Partly cloudy throughout the day.,partly-cloudy-day,"HBBA,64390099999,remote"
"Bujumbura,Burundi",2024-11-04,31,19.2,25.4,32.4,19.2,26.1,17.8,63.5,0,0,0,,0,0,36.7,18.4,233.5,1012,45,18.3,218.9,18.8,8,10,2024-11-04T05:38:54,2024-11-04T17:53:21,0.1,Partially cloudy,Partly cloudy throughout the day.,partly-cloudy-day,"HBBA,64390099999,remote"
"Bujumbura,Burundi",2024-11-05,29.7,19.5,23.7,30.4,19.5,24,18.1,71.9,0,0,0,rain,0,0,23.4,11.2,315.4,1012,77.7,16.2,165.1,14.1,7,10,2024-11-05T05:38:51,2024-11-05T17:53:27,0.14,Partially cloudy,Partly cloudy throughout the day.,partly-cloudy-day,"HBBA,64390099999,remote"
"Bujumbura,Burundi",2024-11-06,30.1,19.9,24,31.4,19.9,24.4,18.6,73,2,100,4.17,rain,0,0,31,22.3,257.1,1012.8,76.6,15.6,157.6,13.6,6,10,2024-11-06T05:38:49,2024-11-06T17:53:35,0.17,"Rain, Partially cloudy",Partly cloudy throughout the day with late afternoon rain.,rain,"HBBA,64390099999,remote"
"Bujumbura,Burundi",2024-11-07,27.1,20.5,23.2,28.6,20.5,23.3,19.1,78.5,0,0,0,rain,0,0,27,16.6,293.2,1013.7,87.3,14.4,126.4,10.9,5,10,2024-11-07T05:38:47,2024-11-07T17:53:43,0.2,Partially cloudy,Partly cloudy throughout the day.,partly-cloudy-day,"HBBA,64390099999,remote"
"Bujumbura,Burundi",2024-11-08,27.1,20.6,23.2,28.9,20.6,23.3,17.7,72.2,13,100,4.17,rain,0,0,27,9.4,281.5,1013.1,88.8,16.2,189.9,16.4,8,10,2024-11-08T05:38:47,2024-11-08T17:53:52,0.24,"Rain, Partially cloudy",Partly cloudy throughout the day with late afternoon rain.,rain,"HBBA,64390099999,remote"
"Bujumbura,Burundi",2024-11-09,29,20.1,24.1,30.3,20.1,24.3,18.6,72.1,0,0,0,rain,0,0,29.9,33.5,336.6,1011.5,92.4,13.9,231,19.9,8,10,2024-11-09T05:38:47,2024-11-09T17:54:02,0.25,Overcast,Cloudy skies throughout the day.,cloudy,"HBBA,64390099999,remote"
"Bujumbura,Burundi",2024-11-10,26,20.2,23.2,26,20.2,23.2,18.6,75.6,0,0,0,rain,0,0,23.8,11.2,226.8,1013.4,87.7,15,136.6,11.8,5,10,2024-11-10T05:38:49,2024-11-10T17:54:12,0.31,Partially cloudy,Partly cloudy throughout the day.,partly-cloudy-day,"HBBA,64390099999,remote"
"Bujumbura,Burundi",2024-11-11,29,18.8,23.2,30.2,18.8,23.5,18.4,75.4,0,0,0,rain,0,0,27.7,44.6,203.6,1014,80.6,15.9,175.9,15.4,8,10,2024-11-11T05:38:51,2024-11-11T17:54:24,0.34,Partially cloudy,Partly cloudy throughout the day.,partly-cloudy-day,"HBBA,64390099999,remote"
"Bujumbura,Burundi",2024-11-12,29,19.5,23.9,30.3,19.5,24.5,17.5,68,0,0,0,rain,0,0,28.8,18.4,227.2,1014.3,75.1,16.1,156.4,13.5,6,10,2024-11-12T05:38:54,2024-11-12T17:54:36,0.38,Partially cloudy,Partly cloudy throughout the day.,partly-cloudy-day,"HBBA,64390099999,remote"
"Bujumbura,Burundi",2024-11-13,30.7,18.8,24.3,31.4,18.8,24.8,17.8,68.7,2,100,4.17,rain,0,0,29.2,14.8,236,1012,48.7,16.9,260.8,22.6,9,10,2024-11-13T05:38:58,2024-11-13T17:54:49,0.41,"Rain, Partially cloudy",Partly cloudy throughout the day with morning rain.,rain,"HBBA,64390099999,remote"
"Bujumbura,Burundi",2024-11-14,31,19.5,24.1,31.9,19.5,24.4,17.8,68.7,0,0,0,rain,0,0,29.9,22.3,266.2,1010.7,75.1,14.9,204.4,17.8,7,30,2024-11-14T05:39:03,2024-11-14T17:55:03,0.45,Partially cloudy,Partly cloudy throughout the day.,partly-cloudy-day,"HBBA,64390099999,remote"
"Bujumbura,Burundi",2024-11-15,27.1,19.8,23.3,28.5,19.8,23.4,18.1,73.7,3,100,8.33,rain,0,0,27,22.3,216.5,1011.3,92.4,14.9,144,12.5,5,10,2024-11-15T05:39:09,2024-11-15T17:55:17,0.5,"Rain, Overcast",Cloudy skies throughout the day with rain.,rain,"HBBA,64390099999,remote"
"Bujumbura,Burundi",2024-11-16,25.4,19.3,21.8,25.4,19.3,21.8,17.9,79.8,3,100,4.17,rain,0,0,20.5,18.4,304.7,1013.2,95,16.4,95.2,8.4,3,10,2024-11-16T05:39:16,2024-11-16T17:55:33,0.52,"Rain, Overcast",Cloudy skies throughout the day with late afternoon rain.,rain,"HBBA,64390099999,remote"
"Bujumbura,Burundi",2024-11-17,28,18.6,22.9,29.7,18.6,23.2,18.8,78.2,0.4,100,8.33,rain,0,0,13,11.2,342,1013,79.3,14.4,245.2,21.2,10,10,2024-11-17T05:39:24,2024-11-17T17:55:49,0.55,"Rain, Partially cloudy",Partly cloudy throughout the day with rain.,rain,"HBBA,64390099999,remote"
"Bujumbura,Burundi",2024-11-18,26,18.6,21.9,26,18.6,21.9,17.5,77.2,2.4,100,20.83,rain,0,0,21.6,14.8,311.2,1013.2,56.4,19,153.4,13.2,6,10,2024-11-18T05:39:33,2024-11-18T17:56:06,0.58,"Rain, Partially cloudy",Partly cloudy throughout the day with afternoon rain.,rain,"HBBA,remote"
"Bujumbura,Burundi",2024-11-19,27,18.2,22.8,28.4,18.2,22.8,16.9,70.3,0.2,100,8.33,rain,0,0,33.5,66.6,226.9,1013.1,66.2,18.9,149.5,13.1,5,10,2024-11-19T05:39:42,2024-11-19T17:56:23,0.61,"Rain, Partially cloudy",Partly cloudy throughout the day with rain in the morning and afternoon.,rain,"HBBA,remote"
"Bujumbura,Burundi",2024-11-20,29,18,23.8,31.3,18,24.1,17.5,68.5,0,0,0,,0,0,29.2,25.9,203.3,1012.8,57.1,18.4,203.7,17.6,7,10,2024-11-20T05:39:53,2024-11-20T17:56:42,0.65,Partially cloudy,Partly cloudy throughout the day.,partly-cloudy-day,"HBBA,64390099999,remote"
"Bujumbura,Burundi",2024-11-21,30,19.6,23.4,31.3,19.6,23.8,19.1,77.3,2.1,100,45.83,rain,0,0,29.5,14.8,114.4,1013.8,88.5,14.3,158.5,13.8,6,10,2024-11-21T05:40:04,2024-11-21T17:57:01,0.68,"Rain, Partially cloudy",Partly cloudy throughout the day with a chance of rain throughout the day.,rain,"HBBA,remote"
"Bujumbura,Burundi",2024-11-22,30,19.6,24,30.9,19.6,24.5,19.4,76.9,1.4,100,20.83,rain,0,0,28.8,11.9,24.5,1013.5,83,15,240.9,20.9,10,10,2024-11-22T05:40:17,2024-11-22T17:57:20,0.71,"Rain, Partially cloudy",Partly cloudy throughout the day with rain.,rain,"HBBA,64390099999,remote"
"Bujumbura,Burundi",2024-11-23,30,20,23.9,31.9,20,24.3,19.9,79.4,4.4,100,41.67,rain,0,0,20.2,22.3,154.5,1014.6,91.9,12.8,107.9,9.3,5,10,2024-11-23T05:40:30,2024-11-23T17:57:41,0.75,"Rain, Overcast",Cloudy skies throughout the day with rain.,rain,"HBBA,64390099999,remote"
"Bujumbura,Burundi",2024-11-24,26.1,20.3,23.6,26.1,20.3,23.6,19.7,79.4,6.7,100,29.17,rain,0,0,28.1,25.9,174.5,1015.3,85.7,12.3,130.1,11.5,6,10,2024-11-24T05:40:44,2024-11-24T17:58:02,0.78,"Rain, Partially cloudy",Partly cloudy throughout the day with rain.,rain,"HBBA,64390099999,remote"
"Bujumbura,Burundi",2024-11-25,31,19,24.2,31.4,19,24.6,19.1,74.6,1.4,100,16.67,rain,0,0,20.9,7.6,103.9,1013.7,81.7,13,166.6,14.4,6,10,2024-11-25T05:40:59,2024-11-25T17:58:24,0.81,"Rain, Partially cloudy",Partly cloudy throughout the day with rain.,rain,"HBBA,64390099999,remote"
"Bujumbura,Burundi",2024-11-26,30,20.3,23.8,30.9,20.3,24.1,19,76.3,2.8,100,12.5,rain,0,0,21.6,48.2,101.1,1013.3,85.5,14.4,142.3,12.2,6,10,2024-11-26T05:41:15,2024-11-26T17:58:46,0.84,"Rain, Partially cloudy",Partly cloudy throughout the day with late afternoon rain.,rain,"HBBA,64390099999,remote"
"Bujumbura,Burundi",2024-11-27,30,19.2,24.2,32.6,19.2,24.8,19.3,75.2,22,100,4.17,rain,0,0,28.4,18.4,45.3,1014.5,68.2,12.2,182.7,16,7,10,2024-11-27T05:41:31,2024-11-27T17:59:09,0.87,"Rain, Partially cloudy",Becoming cloudy in the afternoon with morning rain.,rain,"HBBA,64390099999,remote"
"Bujumbura,Burundi",2024-11-28,29.9,20.7,24.5,31.6,20.7,25.1,19,72.7,4,100,4.17,rain,0,0,23.4,20.5,171.4,1015.5,63.3,13.5,170.3,14.6,8,10,2024-11-28T05:41:49,2024-11-28T17:59:33,0.91,"Rain, Partially cloudy",Partly cloudy throughout the day with late afternoon rain.,rain,"HBBA,64390099999,remote"
"Bujumbura,Burundi",2024-11-29,30,19.3,23.9,31.4,19.3,24.4,18.7,73.7,1,100,12.5,rain,0,0,21.6,8.6,351.2,1015.9,78.1,14.8,165.8,14.3,6,10,2024-11-29T05:42:07,2024-11-29T17:59:57,0.94,"Rain, Partially cloudy",Partly cloudy throughout the day with early morning rain.,rain,"HBBA,64390099999,remote"
"Bujumbura,Burundi",2024-11-30,30.1,19.3,24.4,32,19.3,25,18.9,72.7,4,100,25,rain,0,0,18.4,22.3,189.7,1015.2,71.9,15.9,209,17.9,9,10,2024-11-30T05:42:26,2024-11-30T18:00:22,0.97,"Rain, Partially cloudy",Partly cloudy throughout the day with rain.,rain,"HBBA,64390099999,remote"
"Bujumbura,Burundi",2024-12-01,29,20,23.1,30.7,20,23.5,19.1,78.8,103.8,100,83.33,rain,0,0,21.6,22.3,154.4,1014.7,89.1,16.4,70.6,6,3,10,2024-12-01T05:42:46,2024-12-01T18:00:47,0,"Rain, Partially cloudy",Partly cloudy throughout the day with a chance of rain throughout the day.,rain,"HBBA,remote"
"Bujumbura,Burundi",2024-12-02,28,19,23.2,30.2,19,23.5,19.2,79,19,100,4.17,rain,0,0,24.1,22.3,110.6,1013.3,84.3,12.4,220.9,19.1,7,10,2024-12-02T05:43:06,2024-12-02T18:01:13,0.04,"Rain, Partially cloudy",Partly cloudy throughout the day with early morning rain.,rain,"HBBA,64390099999,remote"
"Bujumbura,Burundi",2024-12-03,28.2,20.2,23.8,30.2,20.2,24.2,19.2,75.9,6.9,100,29.17,rain,0,0,23.8,7.6,163.5,1013,94.1,12.2,208.2,17.8,8,10,2024-12-03T05:43:27,2024-12-03T18:01:39,0.08,"Rain, Overcast",Cloudy skies throughout the day with rain.,rain,"HBBA,64390099999,remote"
"Bujumbura,Burundi",2024-12-04,30,19.8,24.3,31.9,19.8,24.7,19.5,75.6,8,100,37.5,rain,0,0,16.9,14.8,297,1013.3,79.8,9.2,170.3,14.7,8,10,2024-12-04T05:43:49,2024-12-04T18:02:06,0.11,"Rain, Partially cloudy",Partly cloudy throughout the day with rain.,rain,"HBBA,64390099999,remote"
"Bujumbura,Burundi",2024-12-05,27,19.8,22.7,28.2,19.8,22.8,18.9,80.2,86,100,4.17,rain,0,0,28.8,11.2,135.8,1015.1,93.7,14.7,126.7,10.7,5,10,2024-12-05T05:44:12,2024-12-05T18:02:33,0.15,"Rain, Overcast",Cloudy skies throughout the day with morning rain.,rain,"HBBA,64390099999,remote"
"Bujumbura,Burundi",2024-12-06,29.1,20.5,23.8,29.9,20.5,24.1,19.5,78,3,100,4.17,rain,0,0,18.4,11.2,105.6,1014.3,87.5,14.2,116.6,10,5,10,2024-12-06T05:44:35,2024-12-06T18:03:00,0.18,"Rain, Partially cloudy",Partly cloudy throughout the day with morning rain.,rain,"HBBA,64390099999,remote"
"Bujumbura,Burundi",2024-12-07,30.1,18.5,23.9,32,18.5,24.5,18.7,73.8,1.2,100,25,rain,0,0,25.2,29.5,215.9,1014.5,70.5,14.2,181.8,15.7,8,10,2024-12-07T05:44:59,2024-12-07T18:03:28,0.22,"Rain, Partially cloudy",Partly cloudy throughout the day with early morning rain.,rain,"HBBA,64390099999,remote"
"Bujumbura,Burundi",2024-12-08,29.1,18.5,24.7,30.9,18.5,25.2,18.3,68.2,0,0,0,,0,0,23.4,16.6,264.2,1014.1,63,15.1,239.9,20.8,9,10,2024-12-08T05:45:23,2024-12-08T18:03:56,0.25,Partially cloudy,Partly cloudy throughout the day.,partly-cloudy-day,"64390099999,remote"
"Bujumbura,Burundi",2024-12-09,30.1,17.8,25.4,32.6,17.8,26.2,18.6,66.6,0,0,0,rain,0,0,23.4,25.9,196.9,1013.4,42.8,15.2,243.7,21.2,8,10,2024-12-09T05:45:48,2024-12-09T18:04:25,0.29,Partially cloudy,Partly cloudy throughout the day.,partly-cloudy-day,"HBBA,64390099999,remote"
"Bujumbura,Burundi",2024-12-10,29.1,20.8,24.5,31.4,20.8,25,19.3,73.7,0,0,0,rain,0,0,22.3,27.7,189.1,1012.8,72.9,13.1,191.2,16.7,7,10,2024-12-10T05:46:14,2024-12-10T18:04:54,0.32,Partially cloudy,Partly cloudy throughout the day.,partly-cloudy-day,"HBBA,64390099999,remote"
"Bujumbura,Burundi",2024-12-11,29,19.8,24.3,31.4,19.8,24.7,19.2,74,0,0,0,rain,0,0,24.8,22.3,204.7,1012.5,80.8,12.6,193.4,16.6,7,10,2024-12-11T05:46:40,2024-12-11T18:05:23,0.36,Partially cloudy,Partly cloudy throughout the day.,partly-cloudy-day,"HBBA,64390099999,remote"
"Bujumbura,Burundi",2024-12-12,27,20.1,23.8,28.2,20.1,23.9,19.3,76.4,1,100,4.17,rain,0,0,26.6,48.2,183.3,1013.3,93.2,12.5,125.8,10.8,5,10,2024-12-12T05:47:07,2024-12-12T18:05:52,0.4,"Rain, Overcast",Cloudy skies throughout the day with late afternoon rain.,rain,"HBBA,64390099999,remote"
"Bujumbura,Burundi",2024-12-13,30,19.3,24.5,32.6,19.3,25,18.7,71.5,0.3,100,12.5,rain,0,0,16.9,29.5,159.3,1012.7,83.5,16.9,201.3,17.6,8,10,2024-12-13T05:47:34,2024-12-13T18:06:22,0.43,"Rain, Partially cloudy",Partly cloudy throughout the day with early morning rain.,rain,"HBBA,64390099999,remote"
"Bujumbura,Burundi",2024-12-14,30.1,19.5,25.1,32,19.5,25.6,18.6,68.4,0,0,0,rain,0,0,22.3,51.8,180.1,1013.4,68.7,14.5,172.5,14.9,7,10,2024-12-14T05:48:01,2024-12-14T18:06:51,0.47,Partially cloudy,Partly cloudy throughout the day.,wind,"HBBA,64390099999,remote"
"Bujumbura,Burundi",2024-12-15,30.1,19.8,24.8,31.9,19.8,25.5,18.9,70.4,0,0,0,rain,0,0,22.3,22.3,210.7,1013,83,14.7,201.8,17.4,8,10,2024-12-15T05:48:29,2024-12-15T18:07:21,0.5,Partially cloudy,Partly cloudy throughout the day.,partly-cloudy-day,"HBBA,64390099999,remote"
"Bujumbura,Burundi",2024-12-16,30.1,18.5,24.2,32.6,18.5,24.8,18.8,73,0,0,0,rain,0,0,19.4,14.8,251.8,1012.7,64.2,15.6,170.4,14.8,7,30,2024-12-16T05:48:57,2024-12-16T18:07:51,0.53,Partially cloudy,Partly cloudy throughout the day.,partly-cloudy-day,"HBBA,64390099999,remote"
"Bujumbura,Burundi",2024-12-17,30,19,24.5,33.3,19,25.1,18.5,70.3,0,0,0,rain,0,0,18,22.3,199,1013,82.3,15,184.8,16,7,10,2024-12-17T05:49:26,2024-12-17T18:08:21,0.57,Partially cloudy,Partly cloudy throughout the day.,partly-cloudy-day,"HBBA,64390099999,remote"
"Bujumbura,Burundi",2024-12-18,30.2,21.6,25.8,32.5,21.6,26.4,19.7,70.2,0.1,100,4.17,rain,0,0,34.2,53.6,189.5,1014.6,77.8,14.9,231.3,19.8,9,30,2024-12-18T05:49:55,2024-12-18T18:08:51,0.6,"Rain, Partially cloudy",Partly cloudy throughout the day with late afternoon rain.,rain,"HBBA,64390099999,remote"
"Bujumbura,Burundi",2024-12-19,29,20.2,23.7,30.3,20.2,24.1,19.5,78.5,7,100,4.17,rain,0,0,21.2,14.8,144.3,1015.2,89,15.5,158.9,13.7,6,10,2024-12-19T05:50:24,2024-12-19T18:09:20,0.63,"Rain, Partially cloudy",Partly cloudy throughout the day with morning rain.,rain,"HBBA,64390099999,remote"
"Bujumbura,Burundi",2024-12-20,30,19.2,24.4,31.9,19.2,24.9,18.8,72.5,0,0,0,,0,0,22.7,29.5,149.4,1014.1,83.6,15.5,170.2,14.5,8,10,2024-12-20T05:50:53,2024-12-20T18:09:50,0.66,Partially cloudy,Partly cloudy throughout the day.,partly-cloudy-day,"HBBA,64390099999,remote"
"Bujumbura,Burundi",2024-12-21,28,22,24.4,29.7,22,24.5,18.9,72.3,1.6,100,12.5,rain,0,0,20.2,18.4,199.5,1015.5,91.1,15.6,136,11.9,5,10,2024-12-21T05:51:23,2024-12-21T18:10:20,0.69,"Rain, Overcast",Cloudy skies throughout the day with rain clearing later.,rain,"HBBA,64390099999,remote"
"Bujumbura,Burundi",2024-12-22,30.1,19.9,24.9,32,19.9,25.6,19.9,74.3,0.3,100,12.5,rain,0,0,19.1,20.5,184.1,1014,76.3,12.9,162.2,14.1,8,10,2024-12-22T05:51:53,2024-12-22T18:10:50,0.73,"Rain, Partially cloudy",Partly cloudy throughout the day with rain.,rain,"HBBA,64390099999,remote"
"Bujumbura,Burundi",2024-12-23,31.1,19.8,25.1,33.3,19.8,25.9,19.7,73.3,0.8,100,20.83,rain,0,0,17.3,22.3,36.1,1012.8,81.5,13.5,130.8,11.2,5,10,2024-12-23T05:52:23,2024-12-23T18:11:19,0.75,"Rain, Partially cloudy",Partly cloudy throughout the day with rain clearing later.,rain,"HBBA,64390099999,remote"
"Bujumbura,Burundi",2024-12-24,29.9,21.3,24.5,32.2,21.3,25.1,20.1,77,11,100,4.17,rain,0,0,23.8,29.5,188.9,1013.5,84.8,14.2,192.2,16.6,8,10,2024-12-24T05:52:53,2024-12-24T18:11:49,0.79,"Rain, Partially cloudy",Partly cloudy throughout the day with morning rain.,rain,"HBBA,64390099999,remote"
"Bujumbura,Burundi",2024-12-25,26,20.1,22.9,26,20.1,22.9,19.1,79.8,5.7,100,37.5,rain,0,0,29.2,48.2,200.3,1014.2,94,12.4,133.9,11.6,6,10,2024-12-25T05:53:23,2024-12-25T18:12:18,0.82,"Rain, Overcast",Cloudy skies throughout the day with rain.,rain,"HBBA,64390099999,remote"
"Bujumbura,Burundi",2024-12-26,28,18.4,22.8,30.7,18.4,23.3,19.1,80.2,19,100,4.17,rain,0,0,22.7,55.4,173.2,1014.5,91.5,13.7,130.7,11.4,6,10,2024-12-26T05:53:53,2024-12-26T18:12:47,0.85,"Rain, Overcast",Cloudy skies throughout the day with late afternoon rain.,rain,"HBBA,64390099999,remote"
"Bujumbura,Burundi",2024-12-27,29,17,23.6,30.8,17,24.2,17.7,70.4,0,0,0,rain,0,0,26.3,11.2,249.1,1014.2,57.1,16,246.2,21.4,9,10,2024-12-27T05:54:23,2024-12-27T18:13:15,0.89,Partially cloudy,Clearing in the afternoon.,partly-cloudy-day,"HBBA,64390099999,remote"
"Bujumbura,Burundi",2024-12-28,32,17.5,25.1,34.2,17.5,25.9,18.2,67.1,0,0,0,,0,0,23,35.3,217.4,1013.4,52.2,14.7,268.2,23.2,9,10,2024-12-28T05:54:54,2024-12-28T18:13:43,0.92,Partially cloudy,Partly cloudy throughout the day.,partly-cloudy-day,"HBBA,64390099999,remote"
"Bujumbura,Burundi",2024-12-29,29.6,20.1,24.8,29.9,20.1,25.1,17.2,63.7,0,0,0,,0,0,20.2,29.5,224.2,1013.6,51.8,18.1,236.4,20.4,8,10,2024-12-29T05:55:24,2024-12-29T18:14:11,0.95,Partially cloudy,Partly cloudy throughout the day.,partly-cloudy-day,"HBBA,64390099999,remote"
"Bujumbura,Burundi",2024-12-30,30,17.7,24.3,33.3,17.7,24.7,18,69.6,0,0,0,,0,0,24.1,14.8,264.6,1012.9,38,17.5,248.2,21.5,9,10,2024-12-30T05:55:54,2024-12-30T18:14:39,0.98,Partially cloudy,Partly cloudy throughout the day.,partly-cloudy-day,"HBBA,64390099999,remote"
"Bujumbura,Burundi",2024-12-31,32,20.2,25.9,34.2,20.2,26.8,19.3,67.7,0,0,0,,0,0,17.6,33.5,199.8,1013.5,64,16.4,218.4,18.8,8,10,2024-12-31T05:56:24,2024-12-31T18:15:06,0,Partially cloudy,Partly cloudy throughout the day.,partly-cloudy-day,"HBBA,64390099999,remote"
"Bujumbura,Burundi",2025-01-01,28.3,21.7,25.2,30.2,21.7,25.6,17.6,63.4,0,0,0,,0,0,15.1,22.3,217,1012.6,76.8,19.3,226.2,19.5,8,10,2025-01-01T05:56:53,2025-01-01T18:15:33,0.05,Partially cloudy,Partly cloudy throughout the day.,partly-cloudy-day,"HBBA,64390099999,remote"
"Bujumbura,Burundi",2025-01-02,29,19.3,24.2,30.2,19.3,24.4,17.9,69.2,1.6,100,16.67,rain,0,0,26.6,11.2,254,1012.5,76.7,19.1,214.5,18.3,8,10,2025-01-02T05:57:23,2025-01-02T18:15:59,0.09,"Rain, Partially cloudy",Partly cloudy throughout the day with afternoon rain.,rain,"HBBA,64390099999,remote"
"Bujumbura,Burundi",2025-01-03,30,19.9,24.6,31.9,19.9,25,17.1,64.2,0,0,0,rain,0,0,25.2,11.2,245.9,1012.7,82.4,18.6,226.3,19.6,8,30,2025-01-03T05:57:52,2025-01-03T18:16:25,0.12,Partially cloudy,Partly cloudy throughout the day.,partly-cloudy-day,"HBBA,64390099999,remote"
"Bujumbura,Burundi",2025-01-04,29.7,18.3,24.6,29.7,18.3,25,17.4,66,0,0,0,,0,0,20.2,22.3,243,1012.8,86.6,19.6,229.7,19.7,8,10,2025-01-04T05:58:21,2025-01-04T18:16:50,0.16,Partially cloudy,Partly cloudy throughout the day.,partly-cloudy-day,"HBBA,64390099999,remote"
"Bujumbura,Burundi",2025-01-05,28.1,22,25.1,29.7,22,25.2,19.5,71.6,0,0,0,rain,0,0,18.7,11.2,195,1012.9,87.5,15.5,179.7,15.5,8,10,2025-01-05T05:58:50,2025-01-05T18:17:15,0.2,Partially cloudy,Partly cloudy throughout the day.,partly-cloudy-day,"HBBA,64390099999,remote"
"Bujumbura,Burundi",2025-01-06,30,20.5,25.1,32,20.5,25.5,19.1,71,0,0,0,,0,0,20.9,25.9,163.4,1013,75.5,151.7,252,21.7,9,10,2025-01-06T05:59:19,2025-01-06T18:17:39,0.23,Partially cloudy,Partly cloudy throughout the day.,partly-cloudy-day,"HBBA,64390099999,remote"
"Bujumbura,Burundi",2025-01-07,31,21.6,26.1,32.4,21.6,26.6,19,66.1,0,0,0,rain,0,0,20.9,27.7,215.3,1013.2,62.3,829.7,248.3,21.4,7,30,2025-01-07T05:59:47,2025-01-07T18:18:03,0.25,Partially cloudy,Partly cloudy throughout the day.,partly-cloudy-day,"HBBA,64390099999,remote"
"Bujumbura,Burundi",2025-01-08,30,21,25.4,32.5,21,25.9,18.4,66.2,0,0,0,rain,0,0,21.6,11.2,175.5,1013.1,72.5,13.2,190.4,16.4,8,10,2025-01-08T06:00:15,2025-01-08T18:18:26,0.3,Partially cloudy,Partly cloudy throughout the day.,partly-cloudy-day,"HBBA,64390099999,remote"
"Bujumbura,Burundi",2025-01-09,31,21.4,25.8,33.1,21.4,26.4,18.7,66.2,0,0,0,,0,0,23,24.1,224.8,1011.7,59.4,18,232.5,20.1,9,10,2025-01-09T06:00:42,2025-01-09T18:18:48,0.34,Partially cloudy,Becoming cloudy in the afternoon.,partly-cloudy-day,"HBBA,64390099999,remote"
"Bujumbura,Burundi",2025-01-10,29.1,20,24.8,32.1,20,25.4,19.7,74,2,100,4.17,rain,0,0,26.6,40.7,171.2,1013.5,69.9,15.7,203.3,17.5,9,10,2025-01-10T06:01:09,2025-01-10T18:19:10,0.37,"Rain, Partially cloudy",Partly cloudy throughout the day with morning rain.,rain,"HBBA,64390099999,remote"
"Bujumbura,Burundi",2025-01-11,29,19.9,24.1,31.4,19.9,24.5,18.5,71.7,0,0,0,rain,0,0,22.7,22.3,312.8,1014.8,80.9,15.5,195.4,17,7,10,2025-01-11T06:01:36,2025-01-11T18:19:31,0.41,Partially cloudy,Partly cloudy throughout the day.,partly-cloudy-day,"HBBA,64390099999,remote"
"Bujumbura,Burundi",2025-01-12,30,17.6,24.2,31.4,17.6,24.5,17.7,69.1,0,0,0,rain,0,0,16.2,11.2,308.3,1013,54.1,17.4,244.8,21.1,8,10,2025-01-12T06:02:02,2025-01-12T18:19:51,0.45,Partially cloudy,Partly cloudy throughout the day.,partly-cloudy-day,"HBBA,64390099999,remote"
"Bujumbura,Burundi",2025-01-13,31.4,18.8,25.3,32.8,18.8,25.8,17.5,63.8,0,0,0,rain,0,0,24.8,18.4,249.3,1010.7,66.4,17.5,223.3,19.3,9,30,2025-01-13T06:02:27,2025-01-13T18:20:10,0.48,Partially cloudy,Partly cloudy throughout the day.,partly-cloudy-day,"HBBA,64390099999,remote"
"Bujumbura,Burundi",2025-01-14,31.1,20.6,24.6,33.1,20.6,25.1,19,72.3,0,0,0,rain,0,0,21.6,14.8,12.5,1010.4,90.7,14.1,202.1,17.5,9,30,2025-01-14T06:02:52,2025-01-14T18:20:29,0.5,Overcast,Cloudy skies throughout the day.,cloudy,"HBBA,64390099999,remote"
"Bujumbura,Burundi",2025-01-15,31.1,22,26,33.4,22,26.7,18.8,65.7,0,0,0,,0,0,28.4,37.1,201.4,1011.3,82.3,15.3,252.6,21.7,8,30,2025-01-15T06:03:17,2025-01-15T18:20:47,0.55,Partially cloudy,Partly cloudy throughout the day.,partly-cloudy-day,"HBBA,64390099999,remote"
"Bujumbura,Burundi",2025-01-16,30.6,19.9,25.4,31.9,19.9,26.2,18.7,67.9,0,0,0,,0,0,24.1,22.3,208.5,1012.5,62.9,15.5,255.6,22,9,10,2025-01-16T06:03:41,2025-01-16T18:21:05,0.58,Partially cloudy,Partly cloudy throughout the day.,partly-cloudy-day,"HBBA,64390099999,remote"
"Bujumbura,Burundi",2025-01-17,31,19,24,33.1,19,24.2,16.5,64.3,0,0,0,,0,0,23.8,20.5,264.5,1012.5,88.8,18.3,232.2,20.1,7,10,2025-01-17T06:04:04,2025-01-17T18:21:21,0.61,Partially cloudy,Partly cloudy throughout the day.,partly-cloudy-day,"HBBA,64390099999,remote"
"Bujumbura,Burundi",2025-01-18,31.1,18.7,25.1,33.1,18.7,25.8,17.9,65.3,0,0,0,,0,0,20.2,18.4,222.6,1012,76.3,16.1,227.8,19.8,7,10,2025-01-18T06:04:27,2025-01-18T18:21:37,0.64,Partially cloudy,Partly cloudy throughout the day.,partly-cloudy-day,"HBBA,64390099999,remote"
"Bujumbura,Burundi",2025-01-19,31.1,22.1,26,33.1,22.1,26.9,19.5,68,0,0,0,,0,0,23,55.4,181.4,1012.3,78,15,225.5,19.4,9,30,2025-01-19T06:04:49,2025-01-19T18:21:51,0.68,Partially cloudy,Partly cloudy throughout the day.,wind,"HBBA,64390099999,remote"
"Bujumbura,Burundi",2025-01-20,29,19.7,24.2,30.8,19.7,24.7,19.1,74.2,0,0,0,rain,0,0,23.4,14.8,47.9,1014.2,86.8,13.5,171,14.8,7,10,2025-01-20T06:05:10,2025-01-20T18:22:05,0.71,Partially cloudy,Partly cloudy throughout the day.,partly-cloudy-day,"HBBA,64390099999,remote"
"Bujumbura,Burundi",2025-01-21,30,18.4,24.4,31.4,18.4,24.7,18.3,70.7,0.2,100,8.33,rain,0,0,22.7,22.3,173.6,1014.3,70,14,207.4,18,8,10,2025-01-21T06:05:31,2025-01-21T18:22:19,0.75,"Rain, Partially cloudy",Partly cloudy throughout the day with early morning rain.,rain,"HBBA,64390099999,remote"
"Bujumbura,Burundi",2025-01-22,30.1,21.3,24.6,32,21.3,25.1,19.3,73.2,0.3,100,12.5,rain,0,0,28.4,11.2,138.9,1014.3,81.4,13.7,224.5,19.4,8,30,2025-01-22T06:05:51,2025-01-22T18:22:31,0.77,"Rain, Partially cloudy",Partly cloudy throughout the day with late afternoon rain.,rain,"HBBA,64390099999,remote"
"Bujumbura,Burundi",2025-01-23,29,21,24,30.7,21,24.1,18.4,72.3,0,0,0,rain,0,0,14.4,33.5,174.1,1013.6,88,16.7,127.2,10.8,4,10,2025-01-23T06:06:11,2025-01-23T18:22:42,0.8,Partially cloudy,Partly cloudy throughout the day.,partly-cloudy-day,"HBBA,64390099999,remote"
"Bujumbura,Burundi",2025-01-24,29.1,18.7,23.5,30.9,18.7,23.8,17.9,71.8,1.1,100,20.83,rain,0,0,21.2,7.9,120.7,1012.9,84.8,15.8,213.7,18.4,8,10,2025-01-24T06:06:30,2025-01-24T18:22:53,0.84,"Rain, Partially cloudy",Partly cloudy throughout the day with late afternoon rain.,rain,"HBBA,64390099999,remote"
"Bujumbura,Burundi",2025-01-25,26,19.2,22.3,26,19.2,22.3,19,82.5,1.9,100,33.33,rain,0,0,25.2,18.4,39.5,1014.3,89.7,14.7,199.8,17.3,8,10,2025-01-25T06:06:48,2025-01-25T18:23:03,0.87,"Rain, Partially cloudy",Partly cloudy throughout the day with rain.,rain,"HBBA,64390099999,remote"
"Bujumbura,Burundi",2025-01-26,30,19.2,24.5,31.9,19.2,25.1,18.5,71.3,1.5,100,16.67,rain,0,0,21.6,18.4,138.3,1014,85.7,11.4,173.1,15.1,7,10,2025-01-26T06:07:05,2025-01-26T18:23:11,0.9,"Rain, Partially cloudy",Partly cloudy throughout the day with early morning rain.,rain,"HBBA,64390099999,remote"
"Bujumbura,Burundi",2025-01-27,29,18.9,23.6,31.4,18.9,24,17.8,71.6,7.9,100,29.17,rain,0,0,29.9,14.8,354.5,1013.5,85,19,222.3,19.3,9,10,2025-01-27T06:07:22,2025-01-27T18:23:19,0.93,"Rain, Partially cloudy",Partly cloudy throughout the day with rain.,rain,"HBBA,64390099999,remote"
"Bujumbura,Burundi",2025-01-28,27.2,18.2,22.3,27.5,18.2,22.4,17.1,73.6,1.5,100,45.83,rain,0,0,20.5,11.2,48.2,1014,94.1,20.3,176.6,15.1,7,10,2025-01-28T06:07:38,2025-01-28T18:23:26,0.96,"Rain, Overcast",Cloudy skies throughout the day with rain clearing later.,rain,"HBBA,64390099999,remote"
"Bujumbura,Burundi",2025-01-29,29.2,19.2,23.7,29.9,19.2,23.8,17.5,69.8,0.9,100,8.33,rain,0,0,18.7,22.3,51.5,1014.3,80.8,15.7,211.9,18.3,9,10,2025-01-29T06:07:53,2025-01-29T18:23:33,0,"Rain, Partially cloudy",Partly cloudy throughout the day with rain in the morning and afternoon.,rain,"HBBA,64390099999,remote"
"Bujumbura,Burundi",2025-01-30,28.9,19.2,23.4,29.1,19.2,23.6,18.2,73.9,0.4,100,4.17,rain,0,0,28.8,11.2,65.9,1013.6,86.3,16.6,239.9,20.8,8,10,2025-01-30T06:08:07,2025-01-30T18:23:38,0.03,"Rain, Partially cloudy",Partly cloudy throughout the day with morning rain.,rain,"HBBA,64390099999,remote"
"Bujumbura,Burundi",2025-01-31,28.2,18.3,23,29.7,18.3,23.2,18.1,74.9,0.3,100,8.33,rain,0,0,16.9,44.6,188.7,1013.5,63.4,17.1,236.3,20.5,9,10,2025-01-31T06:08:21,2025-01-31T18:23:42,0.07,"Rain, Partially cloudy",Partly cloudy throughout the day with rain.,rain,"HBBA,64390099999,remote"
"Bujumbura,Burundi",2025-02-01,28.7,18.9,23.7,28.4,18.9,23.8,18.1,72.8,0.3,100,12.5,rain,0,0,26.6,13,84.2,1012.5,73.1,20.5,208.5,18.2,8,10,2025-02-01T06:08:34,2025-02-01T18:23:46,0.1,"Rain, Partially cloudy",Partly cloudy throughout the day with rain.,rain,"HBBA,64390099999,remote"
"Bujumbura,Burundi",2025-02-02,27.9,20.1,24.4,28,20.1,24.5,17.5,66.6,0.5,100,16.67,rain,0,0,22.7,8.3,14.3,1011.7,92.2,23.3,170.4,14.8,7,10,2025-02-02T06:08:46,2025-02-02T18:23:48,0.14,"Rain, Overcast",Cloudy skies throughout the day with rain clearing later.,rain,remote
