country,iso3,week_end_date,total_confirmed_cases,total_suspected_cases,total_deaths,total_suspected_deaths,new_confirmed_cases,new_suspected_cases,new_deaths,new_suspected_deaths
Angola,AGO,2024-12-29,4,0,0,0,0,0,0,0
Angola,AGO,2024-12-22,4,0,0,0,0,0,0,0
Angola,AGO,2024-12-15,4,0,0,0,0,0,0,0
Angola,AGO,2024-12-08,4,0,0,0,1,0,0,0
Angola,AGO,2024-12-01,3,0,0,0,1,0,0,0
Angola,AGO,2024-11-24,2,0,0,0,1,0,0,0
Angola,AGO,2024-11-17,1,0,0,0,1,0,0,0
Angola,AGO,2024-11-10,0,0,0,0,0,0,0,0
Angola,AGO,2024-01-07,0,0,0,0,0,0,0,0
Benin,BEN,2024-12-29,3,0,0,0,0,0,0,0
Benin,BEN,2024-12-22,3,0,0,0,0,0,0,0
Benin,BEN,2024-12-15,3,0,0,0,0,0,0,0
Benin,BEN,2024-12-08,3,0,0,0,0,0,0,0
Benin,BEN,2024-12-01,3,0,0,0,0,0,0,0
Benin,BEN,2024-11-24,3,0,0,0,0,0,0,0
Benin,BEN,2024-11-17,3,0,0,0,0,0,0,0
Benin,BEN,2024-11-10,3,0,0,0,0,0,0,0
Benin,BEN,2024-11-03,3,0,0,0,0,0,0,0
Benin,BEN,2024-10-27,3,0,0,0,0,0,0,0
Benin,BEN,2024-10-20,3,0,0,0,0,0,0,0
Benin,BEN,2024-10-13,3,0,0,0,0,0,0,0
Benin,BEN,2024-10-06,3,0,0,0,0,0,0,0
Benin,BEN,2024-09-29,3,0,0,0,0,0,0,0
Benin,BEN,2024-09-22,3,0,0,0,0,0,0,0
Benin,BEN,2024-09-15,3,0,0,0,0,0,0,0
Benin,BEN,2024-09-08,3,0,0,0,0,0,0,0
Benin,BEN,2024-09-01,3,0,0,0,0,0,0,0
Benin,BEN,2024-08-25,3,0,0,0,0,0,0,0
Benin,BEN,2024-08-18,3,0,0,0,0,0,0,0
Benin,BEN,2024-08-11,3,0,0,0,0,0,0,0
Benin,BEN,2024-08-04,3,0,0,0,0,0,0,0
Benin,BEN,2024-07-28,3,0,0,0,0,0,0,0
Benin,BEN,2024-07-21,3,0,0,0,0,0,0,0
Benin,BEN,2024-07-14,3,0,0,0,0,0,0,0
Benin,BEN,2024-07-07,3,0,0,0,0,0,0,0
Benin,BEN,2024-06-30,3,0,0,0,0,0,0,0
Benin,BEN,2024-06-23,3,0,0,0,0,0,0,0
Benin,BEN,2024-06-16,3,0,0,0,0,0,0,0
Benin,BEN,2024-06-09,3,0,0,0,0,0,0,0
Benin,BEN,2024-06-02,3,0,0,0,0,0,0,0
Benin,BEN,2024-05-26,3,0,0,0,0,0,0,0
Benin,BEN,2024-05-19,3,0,0,0,0,0,0,0
Benin,BEN,2024-05-12,3,0,0,0,0,0,0,0
Benin,BEN,2024-05-05,3,0,0,0,0,0,0,0
Benin,BEN,2024-04-28,3,0,0,0,0,0,0,0
Benin,BEN,2024-04-21,3,0,0,0,0,0,0,0
Benin,BEN,2024-04-14,3,0,0,0,0,0,0,0
Benin,BEN,2024-04-07,3,0,0,0,0,0,0,0
Benin,BEN,2024-03-31,3,0,0,0,0,0,0,0
Benin,BEN,2024-03-24,3,0,0,0,0,0,0,0
Benin,BEN,2024-03-17,3,0,0,0,0,0,0,0
Benin,BEN,2024-03-10,3,0,0,0,0,0,0,0
Benin,BEN,2024-03-03,3,0,0,0,0,0,0,0
Benin,BEN,2024-02-25,3,0,0,0,0,0,0,0
Benin,BEN,2024-02-18,3,0,0,0,0,0,0,0
Benin,BEN,2024-02-11,3,0,0,0,0,0,0,0
Benin,BEN,2024-02-04,3,0,0,0,0,0,0,0
Benin,BEN,2024-01-28,3,0,0,0,0,0,0,0
Benin,BEN,2024-01-21,3,0,0,0,0,0,0,0
Benin,BEN,2024-01-14,3,0,0,0,0,0,0,0
Benin,BEN,2024-01-07,3,0,0,0,0,0,0,0
Benin,BEN,2023-12-31,3,0,0,0,0,0,0,0
Benin,BEN,2023-12-24,3,0,0,0,0,0,0,0
Benin,BEN,2023-12-17,3,0,0,0,0,0,0,0
Benin,BEN,2023-12-10,3,0,0,0,0,0,0,0
Benin,BEN,2023-12-03,3,0,0,0,0,0,0,0
Benin,BEN,2023-11-26,3,0,0,0,0,0,0,0
Benin,BEN,2023-11-19,3,0,0,0,0,0,0,0
Benin,BEN,2023-11-12,3,0,0,0,0,0,0,0
Benin,BEN,2023-11-05,3,0,0,0,0,0,0,0
Benin,BEN,2023-10-29,3,0,0,0,0,0,0,0
Benin,BEN,2023-10-22,3,0,0,0,0,0,0,0
Benin,BEN,2023-10-15,3,0,0,0,0,0,0,0
Benin,BEN,2023-10-08,3,0,0,0,0,0,0,0
Benin,BEN,2023-10-01,3,0,0,0,0,0,0,0
Benin,BEN,2023-09-24,3,0,0,0,0,0,0,0
Benin,BEN,2023-09-17,3,0,0,0,0,0,0,0
Benin,BEN,2023-09-10,3,0,0,0,0,0,0,0
Benin,BEN,2023-09-03,3,0,0,0,0,0,0,0
Benin,BEN,2023-08-27,3,0,0,0,0,0,0,0
Benin,BEN,2023-08-20,3,0,0,0,0,0,0,0
Benin,BEN,2023-08-13,3,0,0,0,0,0,0,0
Benin,BEN,2023-08-06,3,0,0,0,0,0,0,0
Benin,BEN,2023-07-30,3,0,0,0,0,0,0,0
Benin,BEN,2023-07-23,3,0,0,0,0,0,0,0
Benin,BEN,2023-07-16,3,0,0,0,0,0,0,0
Benin,BEN,2023-07-09,3,0,0,0,0,0,0,0
Benin,BEN,2023-07-02,3,0,0,0,0,0,0,0
Benin,BEN,2023-06-25,3,0,0,0,0,0,0,0
Benin,BEN,2023-06-18,3,0,0,0,0,0,0,0
Benin,BEN,2023-06-11,3,0,0,0,0,0,0,0
Benin,BEN,2023-06-04,3,0,0,0,0,0,0,0
Benin,BEN,2023-05-28,3,0,0,0,0,0,0,0
Benin,BEN,2023-05-21,3,0,0,0,0,0,0,0
Benin,BEN,2023-05-14,3,0,0,0,0,0,0,0
Benin,BEN,2023-05-07,3,0,0,0,0,0,0,0
Benin,BEN,2023-04-30,3,0,0,0,0,0,0,0
Benin,BEN,2023-04-23,3,0,0,0,0,0,0,0
Benin,BEN,2023-04-16,3,0,0,0,0,0,0,0
Benin,BEN,2023-04-09,3,0,0,0,0,0,0,0
Benin,BEN,2023-04-02,3,0,0,0,0,0,0,0
Benin,BEN,2023-03-26,3,0,0,0,0,0,0,0
Benin,BEN,2023-03-19,3,0,0,0,0,0,0,0
Benin,BEN,2023-03-12,3,0,0,0,0,0,0,0
Benin,BEN,2023-03-05,3,0,0,0,0,0,0,0
Benin,BEN,2023-02-26,3,0,0,0,0,0,0,0
Benin,BEN,2023-02-19,3,0,0,0,0,0,0,0
Benin,BEN,2023-02-12,3,0,0,0,0,0,0,0
Benin,BEN,2023-02-05,3,0,0,0,0,0,0,0
Benin,BEN,2023-01-29,3,0,0,0,0,0,0,0
Benin,BEN,2023-01-22,3,0,0,0,0,0,0,0
Benin,BEN,2023-01-15,3,0,0,0,0,0,0,0
Benin,BEN,2023-01-08,3,0,0,0,0,0,0,0
Benin,BEN,2023-01-01,3,0,0,0,0,0,0,0
Benin,BEN,2022-12-25,3,0,0,0,0,0,0,0
Benin,BEN,2022-12-18,3,0,0,0,0,0,0,0
Benin,BEN,2022-12-11,3,0,0,0,0,0,0,0
Benin,BEN,2022-12-04,3,0,0,0,0,0,0,0
Benin,BEN,2022-11-27,3,0,0,0,0,0,0,0
Benin,BEN,2022-11-20,3,0,0,0,0,0,0,0
Benin,BEN,2022-11-13,3,0,0,0,0,0,0,0
Benin,BEN,2022-11-06,3,0,0,0,0,0,0,0
Benin,BEN,2022-10-30,3,0,0,0,0,0,0,0
Benin,BEN,2022-10-23,3,0,0,0,0,0,0,0
Benin,BEN,2022-10-16,3,0,0,0,0,0,0,0
Benin,BEN,2022-10-09,3,0,0,0,0,0,0,0
Benin,BEN,2022-10-02,3,0,0,0,0,0,0,0
Benin,BEN,2022-09-25,3,0,0,0,0,0,0,0
Benin,BEN,2022-09-18,3,0,0,0,0,0,0,0
Benin,BEN,2022-09-11,3,0,0,0,0,0,0,0
Benin,BEN,2022-09-04,3,0,0,0,0,0,0,0
Benin,BEN,2022-08-28,3,0,0,0,0,0,0,0
Benin,BEN,2022-08-21,3,0,0,0,0,0,0,0
Benin,BEN,2022-08-14,3,0,0,0,0,0,0,0
Benin,BEN,2022-08-07,3,0,0,0,0,0,0,0
Benin,BEN,2022-07-31,3,0,0,0,0,0,0,0
Benin,BEN,2022-07-24,3,0,0,0,0,0,0,0
Benin,BEN,2022-07-17,3,0,0,0,0,0,0,0
Benin,BEN,2022-07-10,3,0,0,0,0,0,0,0
Benin,BEN,2022-07-03,3,0,0,0,0,0,0,0
Benin,BEN,2022-06-26,3,0,0,0,3,0,0,0
Benin,BEN,2022-06-19,0,0,0,0,0,0,0,0
Benin,BEN,2022-06-12,0,0,0,0,0,0,0,0
Benin,BEN,2022-06-05,0,0,0,0,0,0,0,0
Benin,BEN,2022-05-29,0,0,0,0,0,0,0,0
Benin,BEN,2022-05-22,0,0,0,0,0,0,0,0
Benin,BEN,2022-05-15,0,0,0,0,0,0,0,0
Benin,BEN,2022-05-08,0,0,0,0,0,0,0,0
Benin,BEN,2022-05-01,0,0,0,0,0,0,0,0
Benin,BEN,2022-04-24,0,0,0,0,0,0,0,0
Benin,BEN,2022-04-17,0,0,0,0,0,0,0,0
Benin,BEN,2022-04-10,0,0,0,0,0,0,0,0
Benin,BEN,2022-04-03,0,0,0,0,0,0,0,0
Benin,BEN,2022-03-27,0,0,0,0,0,0,0,0
Benin,BEN,2022-03-20,0,0,0,0,0,0,0,0
Benin,BEN,2022-03-13,0,0,0,0,0,0,0,0
Benin,BEN,2022-03-06,0,0,0,0,0,0,0,0
Benin,BEN,2022-02-27,0,0,0,0,0,0,0,0
Benin,BEN,2022-02-20,0,0,0,0,0,0,0,0
Benin,BEN,2022-02-13,0,0,0,0,0,0,0,0
Benin,BEN,2022-02-06,0,0,0,0,0,0,0,0
Benin,BEN,2022-01-30,0,0,0,0,0,0,0,0
Benin,BEN,2022-01-23,0,0,0,0,0,0,0,0
Benin,BEN,2022-01-16,0,0,0,0,0,0,0,0
Benin,BEN,2022-01-09,0,0,0,0,0,0,0,0
Burundi,BDI,2025-02-02,3359,0,1,57,71,0,0,0
Burundi,BDI,2025-01-26,3288,0,1,57,52,0,0,0
Burundi,BDI,2025-01-19,3236,0,1,57,120,0,0,0
Burundi,BDI,2025-01-12,3116,0,1,57,81,0,0,0
Burundi,BDI,2025-01-05,3035,0,1,57,89,0,0,0
Burundi,BDI,2024-12-29,2946,0,1,57,85,0,0,0
Burundi,BDI,2024-12-22,2861,0,1,57,144,0,0,0
Burundi,BDI,2024-12-15,2717,0,1,57,171,0,0,0
Burundi,BDI,2024-12-08,2546,0,1,57,144,0,0,0
Burundi,BDI,2024-12-01,2402,0,1,57,165,0,0,0
Burundi,BDI,2024-11-24,2237,0,1,57,187,0,0,0
Burundi,BDI,2024-11-17,2050,0,1,57,187,0,1,0
Burundi,BDI,2024-11-10,1863,0,0,57,145,0,0,0
Burundi,BDI,2024-11-03,1718,0,0,57,209,0,0,0
Burundi,BDI,2024-10-27,1509,0,0,57,222,0,0,0
Burundi,BDI,2024-10-20,1287,0,0,57,117,0,0,0
Burundi,BDI,2024-10-13,1170,0,0,57,183,0,0,0
Burundi,BDI,2024-10-06,987,0,0,57,134,0,0,0
Burundi,BDI,2024-09-29,853,0,0,57,157,0,0,0
Burundi,BDI,2024-09-22,696,0,0,57,132,0,0,0
Burundi,BDI,2024-09-15,564,0,0,57,179,0,0,24
Burundi,BDI,2024-09-08,385,0,0,33,57,0,0,0
Burundi,BDI,2024-09-01,328,0,0,33,97,0,0,1
Burundi,BDI,2024-08-25,231,0,0,32,78,0,0,23
Burundi,BDI,2024-08-18,153,0,0,9,70,0,0,0
Burundi,BDI,2024-08-11,83,0,0,9,43,0,0,9
Burundi,BDI,2024-08-04,40,0,0,0,31,0,0,0
Burundi,BDI,2024-07-28,9,0,0,0,9,0,0,0
Burundi,BDI,2024-07-21,0,0,0,0,0,0,0,0
Cameroon,CMR,2024-12-29,54,0,5,0,0,0,0,0
Cameroon,CMR,2024-12-22,54,0,5,0,0,0,0,0
Cameroon,CMR,2024-12-15,54,0,5,0,0,0,0,0
Cameroon,CMR,2024-12-08,54,0,5,0,0,0,0,0
Cameroon,CMR,2024-12-01,54,0,5,0,0,0,0,0
Cameroon,CMR,2024-11-24,54,0,5,0,0,0,0,0
Cameroon,CMR,2024-11-17,54,0,5,0,3,0,0,0
Cameroon,CMR,2024-11-10,51,0,5,0,0,0,0,0
Cameroon,CMR,2024-11-03,51,0,5,0,0,0,0,0
Cameroon,CMR,2024-10-27,51,0,5,0,0,0,0,0
Cameroon,CMR,2024-10-20,51,0,5,0,0,0,0,0
Cameroon,CMR,2024-10-13,51,0,5,0,0,0,0,0
Cameroon,CMR,2024-10-06,51,0,5,0,0,0,0,0
Cameroon,CMR,2024-09-29,51,0,5,0,0,0,0,0
Cameroon,CMR,2024-09-22,51,0,5,0,0,0,0,0
Cameroon,CMR,2024-09-15,51,0,5,0,0,0,0,0
Cameroon,CMR,2024-09-08,51,0,5,0,0,0,0,0
Cameroon,CMR,2024-09-01,51,0,5,0,1,0,0,0
Cameroon,CMR,2024-08-25,50,0,5,0,0,0,0,0
Cameroon,CMR,2024-08-18,50,0,5,0,0,0,0,0
Cameroon,CMR,2024-08-11,50,0,5,0,0,0,0,0
Cameroon,CMR,2024-08-04,50,0,5,0,0,0,0,0
Cameroon,CMR,2024-07-28,50,0,5,0,0,0,0,0
Cameroon,CMR,2024-07-21,50,0,5,0,0,0,0,0
Cameroon,CMR,2024-07-14,50,0,5,0,0,0,0,0
Cameroon,CMR,2024-07-07,50,0,5,0,0,0,0,0
Cameroon,CMR,2024-06-30,50,0,5,0,0,0,0,0
Cameroon,CMR,2024-06-23,50,0,5,0,0,0,0,0
Cameroon,CMR,2024-06-16,50,0,5,0,0,0,0,0
Cameroon,CMR,2024-06-09,50,0,5,0,0,0,0,0
Cameroon,CMR,2024-06-02,50,0,5,0,0,0,0,0
Cameroon,CMR,2024-05-26,50,0,5,0,0,0,0,0
Cameroon,CMR,2024-05-19,50,0,5,0,0,0,0,0
Cameroon,CMR,2024-05-12,50,0,5,0,0,0,0,0
Cameroon,CMR,2024-05-05,50,0,5,0,0,0,0,0
Cameroon,CMR,2024-04-28,50,0,5,0,0,0,0,0
Cameroon,CMR,2024-04-21,50,0,5,0,0,0,0,0
Cameroon,CMR,2024-04-14,50,0,5,0,2,0,1,0
Cameroon,CMR,2024-04-07,48,0,4,0,1,0,0,0
Cameroon,CMR,2024-03-31,47,0,4,0,0,0,0,0
Cameroon,CMR,2024-03-24,47,0,4,0,0,0,0,0
Cameroon,CMR,2024-03-17,47,0,4,0,0,0,0,0
Cameroon,CMR,2024-03-10,47,0,4,0,0,0,0,0
Cameroon,CMR,2024-03-03,47,0,4,0,0,0,0,0
Cameroon,CMR,2024-02-25,47,0,4,0,0,0,0,0
Cameroon,CMR,2024-02-18,47,0,4,0,0,0,0,0
Cameroon,CMR,2024-02-11,47,0,4,0,0,0,0,0
Cameroon,CMR,2024-02-04,47,0,4,0,0,0,0,0
Cameroon,CMR,2024-01-28,47,0,4,0,0,0,0,0
Cameroon,CMR,2024-01-21,47,0,4,0,0,0,0,0
Cameroon,CMR,2024-01-14,47,0,4,0,2,0,1,0
Cameroon,CMR,2024-01-07,45,0,3,0,0,0,0,0
Cameroon,CMR,2023-12-31,45,0,3,0,0,0,0,0
Cameroon,CMR,2023-12-24,45,0,3,0,0,0,0,0
Cameroon,CMR,2023-12-17,45,0,3,0,0,0,0,0
Cameroon,CMR,2023-12-10,45,0,3,0,0,0,0,0
Cameroon,CMR,2023-12-03,45,0,3,0,0,0,0,0
Cameroon,CMR,2023-11-26,45,0,3,0,0,0,0,0
Cameroon,CMR,2023-11-19,45,0,3,0,0,0,0,0
Cameroon,CMR,2023-11-12,45,0,3,0,0,0,0,0
Cameroon,CMR,2023-11-05,45,0,3,0,0,0,0,0
Cameroon,CMR,2023-10-29,45,0,3,0,0,0,0,0
Cameroon,CMR,2023-10-22,45,0,3,0,0,0,0,0
Cameroon,CMR,2023-10-15,45,0,3,0,0,0,0,0
Cameroon,CMR,2023-10-08,45,0,3,0,1,0,0,0
Cameroon,CMR,2023-10-01,44,0,3,0,0,0,0,0
Cameroon,CMR,2023-09-24,44,0,3,0,0,0,0,0
Cameroon,CMR,2023-09-17,44,0,3,0,0,0,0,0
Cameroon,CMR,2023-09-10,44,0,3,0,1,0,0,0
Cameroon,CMR,2023-09-03,43,0,3,0,0,0,0,0
Cameroon,CMR,2023-08-27,43,0,3,0,0,0,0,0
Cameroon,CMR,2023-08-20,43,0,3,0,0,0,0,0
Cameroon,CMR,2023-08-13,43,0,3,0,0,0,0,0
Cameroon,CMR,2023-08-06,43,0,3,0,0,0,0,0
Cameroon,CMR,2023-07-30,43,0,3,0,1,0,0,0
Cameroon,CMR,2023-07-23,42,0,3,0,0,0,0,0
Cameroon,CMR,2023-07-16,42,0,3,0,1,0,0,0
Cameroon,CMR,2023-07-09,41,0,3,0,0,0,0,0
Cameroon,CMR,2023-07-02,41,0,3,0,0,0,0,0
Cameroon,CMR,2023-06-25,41,0,3,0,1,0,0,0
Cameroon,CMR,2023-06-18,40,0,3,0,0,0,0,0
Cameroon,CMR,2023-06-11,40,0,3,0,8,0,0,0
Cameroon,CMR,2023-06-04,32,0,3,0,1,0,0,0
Cameroon,CMR,2023-05-28,31,0,3,0,1,0,0,0
Cameroon,CMR,2023-05-21,30,0,3,0,12,0,0,0
Cameroon,CMR,2023-05-14,18,0,3,0,0,0,0,0
Cameroon,CMR,2023-05-07,18,0,3,0,0,0,0,0
Cameroon,CMR,2023-04-30,18,0,3,0,0,0,0,0
Cameroon,CMR,2023-04-23,18,0,3,0,0,0,0,0
Cameroon,CMR,2023-04-16,18,0,3,0,0,0,0,0
Cameroon,CMR,2023-04-09,18,0,3,0,0,0,0,0
Cameroon,CMR,2023-04-02,18,0,3,0,0,0,0,0
Cameroon,CMR,2023-03-26,18,0,3,0,0,0,0,0
Cameroon,CMR,2023-03-19,18,0,3,0,0,0,0,0
Cameroon,CMR,2023-03-12,18,0,3,0,0,0,0,0
Cameroon,CMR,2023-03-05,18,0,3,0,0,0,0,0
Cameroon,CMR,2023-02-26,18,0,3,0,0,0,0,0
Cameroon,CMR,2023-02-19,18,0,3,0,0,0,0,0
Cameroon,CMR,2023-02-12,18,0,3,0,0,0,0,0
Cameroon,CMR,2023-02-05,18,0,3,0,0,0,0,0
Cameroon,CMR,2023-01-29,18,0,3,0,0,0,0,0
Cameroon,CMR,2023-01-22,18,0,3,0,0,0,0,0
Cameroon,CMR,2023-01-15,18,0,3,0,0,0,0,0
Cameroon,CMR,2023-01-08,18,0,3,0,0,0,0,0
Cameroon,CMR,2023-01-01,18,0,3,0,0,0,0,0
Cameroon,CMR,2022-12-25,18,0,3,0,0,0,0,0
Cameroon,CMR,2022-12-18,18,0,3,0,0,0,0,0
Cameroon,CMR,2022-12-11,18,0,3,0,0,0,0,0
Cameroon,CMR,2022-12-04,18,0,3,0,0,0,0,0
Cameroon,CMR,2022-11-27,18,0,3,0,0,0,0,0
Cameroon,CMR,2022-11-20,18,0,3,0,0,0,0,0
Cameroon,CMR,2022-11-13,18,0,3,0,2,0,0,0
Cameroon,CMR,2022-11-06,16,0,3,0,0,0,0,0
Cameroon,CMR,2022-10-30,16,0,3,0,4,0,0,0
Cameroon,CMR,2022-10-23,12,0,3,0,0,0,0,0
Cameroon,CMR,2022-10-16,12,0,3,0,2,0,0,0
Cameroon,CMR,2022-10-09,10,0,3,0,0,0,0,0
Cameroon,CMR,2022-10-02,10,0,3,0,0,0,0,0
Cameroon,CMR,2022-09-25,10,0,3,0,1,0,0,0
Cameroon,CMR,2022-09-18,9,0,3,0,0,0,0,0
Cameroon,CMR,2022-09-11,9,0,3,0,1,0,0,0
Cameroon,CMR,2022-09-04,8,0,3,0,0,0,0,0
Cameroon,CMR,2022-08-28,8,0,3,0,0,0,0,0
Cameroon,CMR,2022-08-21,8,0,3,0,0,0,0,0
Cameroon,CMR,2022-08-14,8,0,3,0,0,0,0,0
Cameroon,CMR,2022-08-07,8,0,3,0,0,0,2,0
Cameroon,CMR,2022-07-31,8,0,1,0,0,0,0,0
Cameroon,CMR,2022-07-24,8,0,1,0,0,0,0,0
Cameroon,CMR,2022-07-17,8,0,1,0,0,0,0,0
Cameroon,CMR,2022-07-10,8,0,1,0,0,0,0,0
Cameroon,CMR,2022-07-03,8,0,1,0,2,0,0,0
Cameroon,CMR,2022-06-26,6,0,1,0,0,0,0,0
Cameroon,CMR,2022-06-19,6,0,1,0,1,0,0,0
Cameroon,CMR,2022-06-12,5,0,1,0,0,0,0,0
Cameroon,CMR,2022-06-05,5,0,1,0,1,0,0,0
Cameroon,CMR,2022-05-29,4,0,1,0,0,0,0,0
Cameroon,CMR,2022-05-22,4,0,1,0,0,0,0,0
Cameroon,CMR,2022-05-15,4,0,1,0,0,0,0,0
Cameroon,CMR,2022-05-08,4,0,1,0,0,0,0,0
Cameroon,CMR,2022-05-01,4,0,1,0,1,0,0,0
Cameroon,CMR,2022-04-24,3,0,1,0,0,0,0,0
Cameroon,CMR,2022-04-17,3,0,1,0,0,0,0,0
Cameroon,CMR,2022-04-10,3,0,1,0,0,0,0,0
Cameroon,CMR,2022-04-03,3,0,1,0,0,0,0,0
Cameroon,CMR,2022-03-27,3,0,1,0,0,0,0,0
Cameroon,CMR,2022-03-20,3,0,1,0,1,0,0,0
Cameroon,CMR,2022-03-13,2,0,1,0,1,0,1,0
Cameroon,CMR,2022-03-06,1,0,0,0,1,0,0,0
Cameroon,CMR,2022-02-27,0,0,0,0,0,0,0,0
Cameroon,CMR,2022-02-20,0,0,0,0,0,0,0,0
Cameroon,CMR,2022-02-13,0,0,0,0,0,0,0,0
Cameroon,CMR,2022-02-06,0,0,0,0,0,0,0,0
Cameroon,CMR,2022-01-30,0,0,0,0,0,0,0,0
Cameroon,CMR,2022-01-23,0,0,0,0,0,0,0,0
Cameroon,CMR,2022-01-16,0,0,0,0,0,0,0,0
Cameroon,CMR,2022-01-09,0,0,0,0,0,0,0,0
Central African Republic,CAF,2025-01-26,145,0,4,0,0,0,0,0
Central African Republic,CAF,2025-01-19,145,0,4,0,1,0,0,0
Central African Republic,CAF,2025-01-12,144,0,4,0,1,0,0,0
Central African Republic,CAF,2025-01-05,143,0,4,0,4,0,0,0
Central African Republic,CAF,2024-12-29,139,0,4,0,2,0,0,0
Central African Republic,CAF,2024-12-22,137,0,4,0,0,0,0,0
Central African Republic,CAF,2024-12-15,137,0,4,0,2,0,0,0
Central African Republic,CAF,2024-12-08,135,0,4,0,1,0,0,0
Central African Republic,CAF,2024-12-01,134,0,4,0,1,0,1,0
Central African Republic,CAF,2024-11-24,133,0,3,0,4,0,0,0
Central African Republic,CAF,2024-11-17,129,0,3,0,7,0,0,0
Central African Republic,CAF,2024-11-10,122,0,3,0,3,0,0,0
Central African Republic,CAF,2024-11-03,119,0,3,0,5,0,0,0
Central African Republic,CAF,2024-10-27,114,0,3,0,3,0,0,0
Central African Republic,CAF,2024-10-20,111,0,3,0,2,0,0,0
Central African Republic,CAF,2024-10-13,109,0,3,0,4,0,1,0
Central African Republic,CAF,2024-10-06,105,0,2,0,2,0,0,0
Central African Republic,CAF,2024-09-29,103,0,2,0,0,0,0,0
Central African Republic,CAF,2024-09-22,103,0,2,0,2,0,0,0
Central African Republic,CAF,2024-09-15,101,0,2,0,2,0,0,0
Central African Republic,CAF,2024-09-08,99,0,2,0,2,0,0,0
Central African Republic,CAF,2024-09-01,97,0,2,0,1,0,0,0
Central African Republic,CAF,2024-08-25,96,0,2,0,3,0,0,0
Central African Republic,CAF,2024-08-18,93,0,2,0,2,0,0,0
Central African Republic,CAF,2024-08-11,91,0,2,0,2,0,0,0
Central African Republic,CAF,2024-08-04,89,0,2,0,3,0,0,0
Central African Republic,CAF,2024-07-28,86,0,2,0,9,0,1,0
Central African Republic,CAF,2024-07-21,77,0,1,0,4,0,0,0
Central African Republic,CAF,2024-07-14,73,0,1,0,1,0,0,0
Central African Republic,CAF,2024-07-07,72,0,1,0,1,0,0,0
Central African Republic,CAF,2024-06-30,71,0,1,0,1,0,0,0
Central African Republic,CAF,2024-06-23,70,0,1,0,2,0,0,0
Central African Republic,CAF,2024-06-16,68,0,1,0,1,0,0,0
Central African Republic,CAF,2024-06-09,67,0,1,0,1,0,0,0
Central African Republic,CAF,2024-06-02,66,0,1,0,0,0,0,0
Central African Republic,CAF,2024-05-26,66,0,1,0,0,0,0,0
Central African Republic,CAF,2024-05-19,66,0,1,0,0,0,0,0
Central African Republic,CAF,2024-05-12,66,0,1,0,0,0,0,0
Central African Republic,CAF,2024-05-05,66,0,1,0,0,0,0,0
Central African Republic,CAF,2024-04-28,66,0,1,0,0,0,0,0
Central African Republic,CAF,2024-04-21,66,0,1,0,0,0,0,0
Central African Republic,CAF,2024-04-14,66,0,1,0,0,0,0,0
Central African Republic,CAF,2024-04-07,66,0,1,0,0,0,0,0
Central African Republic,CAF,2024-03-31,66,0,1,0,1,0,0,0
Central African Republic,CAF,2024-03-24,65,0,1,0,2,0,0,0
Central African Republic,CAF,2024-03-17,63,0,1,0,4,0,0,0
Central African Republic,CAF,2024-03-10,59,0,1,0,0,0,0,0
Central African Republic,CAF,2024-03-03,59,0,1,0,0,0,0,0
Central African Republic,CAF,2024-02-25,59,0,1,0,0,0,0,0
Central African Republic,CAF,2024-02-18,59,0,1,0,4,0,0,0
Central African Republic,CAF,2024-02-11,55,0,1,0,3,0,0,0
Central African Republic,CAF,2024-02-04,52,0,1,0,0,0,0,0
Central African Republic,CAF,2024-01-28,52,0,1,0,1,0,0,0
Central African Republic,CAF,2024-01-21,51,0,1,0,0,0,0,0
Central African Republic,CAF,2024-01-14,51,0,1,0,4,0,0,0
Central African Republic,CAF,2024-01-07,47,0,1,0,0,0,0,0
Central African Republic,CAF,2023-12-31,47,0,1,0,1,0,0,0
Central African Republic,CAF,2023-12-24,46,0,1,0,1,0,0,0
Central African Republic,CAF,2023-12-17,45,0,1,0,0,0,0,0
Central African Republic,CAF,2023-12-10,45,0,1,0,0,0,0,0
Central African Republic,CAF,2023-12-03,45,0,1,0,0,0,0,0
Central African Republic,CAF,2023-11-26,45,0,1,0,0,0,0,0
Central African Republic,CAF,2023-11-19,45,0,1,0,0,0,0,0
Central African Republic,CAF,2023-11-12,45,0,1,0,0,0,0,0
Central African Republic,CAF,2023-11-05,45,0,1,0,0,0,0,0
Central African Republic,CAF,2023-10-29,45,0,1,0,0,0,0,0
Central African Republic,CAF,2023-10-22,45,0,1,0,0,0,0,0
Central African Republic,CAF,2023-10-15,45,0,1,0,0,0,0,0
Central African Republic,CAF,2023-10-08,45,0,1,0,0,0,0,0
Central African Republic,CAF,2023-10-01,45,0,1,0,0,0,0,0
Central African Republic,CAF,2023-09-24,45,0,1,0,0,0,0,0
Central African Republic,CAF,2023-09-17,45,0,1,0,0,0,0,0
Central African Republic,CAF,2023-09-10,45,0,1,0,0,0,0,0
Central African Republic,CAF,2023-09-03,45,0,1,0,0,0,0,0
Central African Republic,CAF,2023-08-27,45,0,1,0,0,0,0,0
Central African Republic,CAF,2023-08-20,45,0,1,0,0,0,0,0
Central African Republic,CAF,2023-08-13,45,0,1,0,0,0,0,0
Central African Republic,CAF,2023-08-06,45,0,1,0,0,0,0,0
Central African Republic,CAF,2023-07-30,45,0,1,0,0,0,0,0
Central African Republic,CAF,2023-07-23,45,0,1,0,0,0,0,0
Central African Republic,CAF,2023-07-16,45,0,1,0,0,0,0,0
Central African Republic,CAF,2023-07-09,45,0,1,0,0,0,0,0
Central African Republic,CAF,2023-07-02,45,0,1,0,0,0,0,0
Central African Republic,CAF,2023-06-25,45,0,1,0,0,0,0,0
Central African Republic,CAF,2023-06-18,45,0,1,0,0,0,0,0
Central African Republic,CAF,2023-06-11,45,0,1,0,0,0,0,0
Central African Republic,CAF,2023-06-04,45,0,1,0,0,0,0,0
Central African Republic,CAF,2023-05-28,45,0,1,0,0,0,0,0
Central African Republic,CAF,2023-05-21,45,0,1,0,0,0,0,0
Central African Republic,CAF,2023-05-14,45,0,1,0,0,0,0,0
Central African Republic,CAF,2023-05-07,45,0,1,0,0,0,0,0
Central African Republic,CAF,2023-04-30,45,0,1,0,0,0,0,0
Central African Republic,CAF,2023-04-23,45,0,1,0,0,0,0,0
Central African Republic,CAF,2023-04-16,45,0,1,0,0,0,0,0
Central African Republic,CAF,2023-04-09,45,0,1,0,0,0,0,0
Central African Republic,CAF,2023-04-02,45,0,1,0,0,0,0,0
Central African Republic,CAF,2023-03-26,45,0,1,0,2,0,0,0
Central African Republic,CAF,2023-03-19,43,0,1,0,0,0,0,0
Central African Republic,CAF,2023-03-12,43,0,1,0,2,0,0,0
Central African Republic,CAF,2023-03-05,41,0,1,0,0,0,0,0
Central African Republic,CAF,2023-02-26,41,0,1,0,0,0,0,0
Central African Republic,CAF,2023-02-19,41,0,1,0,2,0,0,0
Central African Republic,CAF,2023-02-12,39,0,1,0,2,0,1,0
Central African Republic,CAF,2023-02-05,37,0,0,0,0,0,0,0
Central African Republic,CAF,2023-01-29,37,0,0,0,2,0,0,0
Central African Republic,CAF,2023-01-22,35,0,0,0,0,0,0,0
Central African Republic,CAF,2023-01-15,35,0,0,0,2,0,0,0
Central African Republic,CAF,2023-01-08,33,0,0,0,2,0,0,0
Central African Republic,CAF,2023-01-01,31,0,0,0,1,0,0,0
Central African Republic,CAF,2022-12-25,30,0,0,0,0,0,0,0
Central African Republic,CAF,2022-12-18,30,0,0,0,1,0,0,0
Central African Republic,CAF,2022-12-11,29,0,0,0,1,0,0,0
Central African Republic,CAF,2022-12-04,28,0,0,0,0,0,0,0
Central African Republic,CAF,2022-11-27,28,0,0,0,0,0,0,0
Central African Republic,CAF,2022-11-20,28,0,0,0,0,0,0,0
Central African Republic,CAF,2022-11-13,28,0,0,0,0,0,0,0
Central African Republic,CAF,2022-11-06,28,0,0,0,0,0,0,0
Central African Republic,CAF,2022-10-30,28,0,0,0,0,0,0,0
Central African Republic,CAF,2022-10-23,28,0,0,0,0,0,0,0
Central African Republic,CAF,2022-10-16,28,0,0,0,3,0,0,0
Central African Republic,CAF,2022-10-09,25,0,0,0,0,0,0,0
Central African Republic,CAF,2022-10-02,25,0,0,0,0,0,0,0
Central African Republic,CAF,2022-09-25,25,0,0,0,1,0,0,0
Central African Republic,CAF,2022-09-18,24,0,0,0,0,0,0,0
Central African Republic,CAF,2022-09-11,24,0,0,0,1,0,0,0
Central African Republic,CAF,2022-09-04,23,0,0,0,0,0,0,0
Central African Republic,CAF,2022-08-28,23,0,0,0,0,0,0,0
Central African Republic,CAF,2022-08-21,23,0,0,0,0,0,0,0
Central African Republic,CAF,2022-08-14,23,0,0,0,1,0,0,0
Central African Republic,CAF,2022-08-07,22,0,0,0,0,0,0,0
Central African Republic,CAF,2022-07-31,22,0,0,0,1,0,0,0
Central African Republic,CAF,2022-07-24,21,0,0,0,0,0,0,0
Central African Republic,CAF,2022-07-17,21,0,0,0,2,0,0,0
Central African Republic,CAF,2022-07-10,19,0,0,0,0,0,0,0
Central African Republic,CAF,2022-07-03,19,0,0,0,0,0,0,0
Central African Republic,CAF,2022-06-26,19,0,0,0,0,0,0,0
Central African Republic,CAF,2022-06-19,19,0,0,0,0,0,0,0
Central African Republic,CAF,2022-06-12,19,0,0,0,0,0,0,0
Central African Republic,CAF,2022-06-05,19,0,0,0,0,0,0,0
Central African Republic,CAF,2022-05-29,19,0,0,0,0,0,0,0
Central African Republic,CAF,2022-05-22,19,0,0,0,0,0,0,0
Central African Republic,CAF,2022-05-15,19,0,0,0,0,0,0,0
Central African Republic,CAF,2022-05-08,19,0,0,0,0,0,0,0
Central African Republic,CAF,2022-05-01,19,0,0,0,0,0,0,0
Central African Republic,CAF,2022-04-24,19,0,0,0,0,0,0,0
Central African Republic,CAF,2022-04-17,19,0,0,0,1,0,0,0
Central African Republic,CAF,2022-04-10,18,0,0,0,0,0,0,0
Central African Republic,CAF,2022-04-03,18,0,0,0,0,0,0,0
Central African Republic,CAF,2022-03-27,18,0,0,0,2,0,0,0
Central African Republic,CAF,2022-03-20,16,0,0,0,4,0,0,0
Central African Republic,CAF,2022-03-13,12,0,0,0,0,0,0,0
Central African Republic,CAF,2022-03-06,12,0,0,0,0,0,0,0
Central African Republic,CAF,2022-02-27,12,0,0,0,0,0,0,0
Central African Republic,CAF,2022-02-20,12,0,0,0,4,0,0,0
Central African Republic,CAF,2022-02-13,8,0,0,0,2,0,0,0
Central African Republic,CAF,2022-02-06,6,0,0,0,1,0,0,0
Central African Republic,CAF,2022-01-30,5,0,0,0,1,0,0,0
Central African Republic,CAF,2022-01-23,4,0,0,0,0,0,0,0
Central African Republic,CAF,2022-01-16,4,0,0,0,3,0,0,0
Central African Republic,CAF,2022-01-09,1,0,0,0,1,0,0,0
Congo,COG,2025-01-19,52,0,2,0,0,0,0,0
Congo,COG,2025-01-12,52,0,2,0,2,0,0,0
Congo,COG,2025-01-05,50,0,2,0,0,0,0,0
Congo,COG,2024-12-29,50,0,2,0,1,0,0,0
Congo,COG,2024-12-22,49,0,2,0,0,0,0,0
Congo,COG,2024-12-15,49,0,2,0,0,0,0,0
Congo,COG,2024-12-08,49,0,2,0,0,0,0,0
Congo,COG,2024-12-01,49,0,2,0,1,0,0,0
Congo,COG,2024-11-24,48,0,2,0,0,0,0,0
Congo,COG,2024-11-17,48,0,2,0,0,0,0,0
Congo,COG,2024-11-10,48,0,2,0,0,0,0,0
Congo,COG,2024-11-03,48,0,2,0,0,0,0,0
Congo,COG,2024-10-27,48,0,2,0,0,0,0,0
Congo,COG,2024-10-20,48,0,2,0,0,0,0,0
Congo,COG,2024-10-13,48,0,2,0,0,0,0,0
Congo,COG,2024-10-06,48,0,2,0,0,0,0,0
Congo,COG,2024-09-29,48,0,2,0,1,0,0,0
Congo,COG,2024-09-22,47,0,2,0,0,0,0,0
Congo,COG,2024-09-15,47,0,2,0,0,0,0,0
Congo,COG,2024-09-08,47,0,2,0,0,0,0,0
Congo,COG,2024-09-01,47,0,2,0,0,0,0,0
Congo,COG,2024-08-25,47,0,2,0,0,0,0,0
Congo,COG,2024-08-18,47,0,2,0,0,0,0,0
Congo,COG,2024-08-11,47,0,2,0,2,0,0,0
Congo,COG,2024-08-04,45,0,2,0,0,0,0,0
Congo,COG,2024-07-28,45,0,2,0,0,0,0,0
Congo,COG,2024-07-21,45,0,2,0,0,0,0,0
Congo,COG,2024-07-14,45,0,2,0,0,0,0,0
Congo,COG,2024-07-07,45,0,2,0,0,0,0,0
Congo,COG,2024-06-30,45,0,2,0,0,0,0,0
Congo,COG,2024-06-23,45,0,2,0,0,0,0,0
Congo,COG,2024-06-16,45,0,2,0,0,0,0,0
Congo,COG,2024-06-09,45,0,2,0,0,0,0,0
Congo,COG,2024-06-02,45,0,2,0,0,0,0,0
Congo,COG,2024-05-26,45,0,2,0,0,0,0,0
Congo,COG,2024-05-19,45,0,2,0,0,0,0,0
Congo,COG,2024-05-12,45,0,2,0,0,0,0,0
Congo,COG,2024-05-05,45,0,2,0,0,0,0,0
Congo,COG,2024-04-28,45,0,2,0,0,0,0,0
Congo,COG,2024-04-21,45,0,2,0,0,0,0,0
Congo,COG,2024-04-14,45,0,2,0,0,0,0,0
Congo,COG,2024-04-07,45,0,2,0,0,0,0,0
Congo,COG,2024-03-31,45,0,2,0,0,0,0,0
Congo,COG,2024-03-24,45,0,2,0,0,0,0,0
Congo,COG,2024-03-17,45,0,2,0,0,0,0,0
Congo,COG,2024-03-10,45,0,2,0,8,0,0,0
Congo,COG,2024-03-03,37,0,2,0,0,0,0,0
Congo,COG,2024-02-25,37,0,2,0,2,0,0,0
Congo,COG,2024-02-18,35,0,2,0,5,0,0,0
Congo,COG,2024-02-11,30,0,2,0,0,0,0,0
Congo,COG,2024-02-04,30,0,2,0,0,0,0,0
Congo,COG,2024-01-28,30,0,2,0,2,0,0,0
Congo,COG,2024-01-21,28,0,2,0,1,0,0,0
Congo,COG,2024-01-14,27,0,2,0,1,0,0,0
Congo,COG,2024-01-07,26,0,2,0,0,0,0,0
Congo,COG,2023-12-31,26,0,2,0,0,0,0,0
Congo,COG,2023-12-24,26,0,2,0,0,0,0,0
Congo,COG,2023-12-17,26,0,2,0,0,0,0,0
Congo,COG,2023-12-10,26,0,2,0,0,0,0,0
Congo,COG,2023-12-03,26,0,2,0,0,0,0,0
Congo,COG,2023-11-26,26,0,2,0,0,0,0,0
Congo,COG,2023-11-19,26,0,2,0,1,0,0,0
Congo,COG,2023-11-12,25,0,2,0,0,0,0,0
Congo,COG,2023-11-05,25,0,2,0,0,0,0,0
Congo,COG,2023-10-29,25,0,2,0,2,0,0,0
Congo,COG,2023-10-22,23,0,2,0,0,0,0,0
Congo,COG,2023-10-15,23,0,2,0,4,0,1,0
Congo,COG,2023-10-08,19,0,1,0,1,0,1,0
Congo,COG,2023-10-01,18,0,0,0,0,0,0,0
Congo,COG,2023-09-24,18,0,0,0,0,0,0,0
Congo,COG,2023-09-17,18,0,0,0,1,0,0,0
Congo,COG,2023-09-10,17,0,0,0,4,0,0,0
Congo,COG,2023-09-03,13,0,0,0,1,0,0,0
Congo,COG,2023-08-27,12,0,0,0,4,0,0,0
Congo,COG,2023-08-20,8,0,0,0,2,0,0,0
Congo,COG,2023-08-13,6,0,0,0,1,0,0,0
Congo,COG,2023-08-06,5,0,0,0,0,0,0,0
Congo,COG,2023-07-30,5,0,0,0,0,0,0,0
Congo,COG,2023-07-23,5,0,0,0,0,0,0,0
Congo,COG,2023-07-16,5,0,0,0,0,0,0,0
Congo,COG,2023-07-09,5,0,0,0,0,0,0,0
Congo,COG,2023-07-02,5,0,0,0,0,0,0,0
Congo,COG,2023-06-25,5,0,0,0,0,0,0,0
Congo,COG,2023-06-18,5,0,0,0,0,0,0,0
Congo,COG,2023-06-11,5,0,0,0,0,0,0,0
Congo,COG,2023-06-04,5,0,0,0,0,0,0,0
Congo,COG,2023-05-28,5,0,0,0,0,0,0,0
Congo,COG,2023-05-21,5,0,0,0,0,0,0,0
Congo,COG,2023-05-14,5,0,0,0,0,0,0,0
Congo,COG,2023-05-07,5,0,0,0,0,0,0,0
Congo,COG,2023-04-30,5,0,0,0,0,0,0,0
Congo,COG,2023-04-23,5,0,0,0,0,0,0,0
Congo,COG,2023-04-16,5,0,0,0,0,0,0,0
Congo,COG,2023-04-09,5,0,0,0,0,0,0,0
Congo,COG,2023-04-02,5,0,0,0,0,0,0,0
Congo,COG,2023-03-26,5,0,0,0,0,0,0,0
Congo,COG,2023-03-19,5,0,0,0,0,0,0,0
Congo,COG,2023-03-12,5,0,0,0,0,0,0,0
Congo,COG,2023-03-05,5,0,0,0,0,0,0,0
Congo,COG,2023-02-26,5,0,0,0,0,0,0,0
Congo,COG,2023-02-19,5,0,0,0,0,0,0,0
Congo,COG,2023-02-12,5,0,0,0,0,0,0,0
Congo,COG,2023-02-05,5,0,0,0,0,0,0,0
Congo,COG,2023-01-29,5,0,0,0,0,0,0,0
Congo,COG,2023-01-22,5,0,0,0,0,0,0,0
Congo,COG,2023-01-15,5,0,0,0,0,0,0,0
Congo,COG,2023-01-08,5,0,0,0,0,0,0,0
Congo,COG,2023-01-01,5,0,0,0,0,0,0,0
Congo,COG,2022-12-25,5,0,0,0,0,0,0,0
Congo,COG,2022-12-18,5,0,0,0,0,0,0,0
Congo,COG,2022-12-11,5,0,0,0,0,0,0,0
Congo,COG,2022-12-04,5,0,0,0,0,0,0,0
Congo,COG,2022-11-27,5,0,0,0,0,0,0,0
Congo,COG,2022-11-20,5,0,0,0,0,0,0,0
Congo,COG,2022-11-13,5,0,0,0,0,0,0,0
Congo,COG,2022-11-06,5,0,0,0,0,0,0,0
Congo,COG,2022-10-30,5,0,0,0,0,0,0,0
Congo,COG,2022-10-23,5,0,0,0,0,0,0,0
Congo,COG,2022-10-16,5,0,0,0,0,0,0,0
Congo,COG,2022-10-09,5,0,0,0,0,0,0,0
Congo,COG,2022-10-02,5,0,0,0,0,0,0,0
Congo,COG,2022-09-25,5,0,0,0,0,0,0,0
Congo,COG,2022-09-18,5,0,0,0,0,0,0,0
Congo,COG,2022-09-11,5,0,0,0,2,0,0,0
Congo,COG,2022-09-04,3,0,0,0,0,0,0,0
Congo,COG,2022-08-28,3,0,0,0,0,0,0,0
Congo,COG,2022-08-21,3,0,0,0,0,0,0,0
Congo,COG,2022-08-14,3,0,0,0,1,0,0,0
Congo,COG,2022-08-07,2,0,0,0,0,0,0,0
Congo,COG,2022-07-31,2,0,0,0,0,0,0,0
Congo,COG,2022-07-24,2,0,0,0,0,0,0,0
Congo,COG,2022-07-17,2,0,0,0,0,0,0,0
Congo,COG,2022-07-10,2,0,0,0,0,0,0,0
Congo,COG,2022-07-03,2,0,0,0,0,0,0,0
Congo,COG,2022-06-26,2,0,0,0,0,0,0,0
Congo,COG,2022-06-19,2,0,0,0,0,0,0,0
Congo,COG,2022-06-12,2,0,0,0,0,0,0,0
Congo,COG,2022-06-05,2,0,0,0,0,0,0,0
Congo,COG,2022-05-29,2,0,0,0,0,0,0,0
Congo,COG,2022-05-22,2,0,0,0,0,0,0,0
Congo,COG,2022-05-15,2,0,0,0,0,0,0,0
Congo,COG,2022-05-08,2,0,0,0,0,0,0,0
Congo,COG,2022-05-01,2,0,0,0,0,0,0,0
Congo,COG,2022-04-24,2,0,0,0,2,0,0,0
Congo,COG,2022-04-17,0,0,0,0,0,0,0,0
Congo,COG,2022-04-10,0,0,0,0,0,0,0,0
Congo,COG,2022-04-03,0,0,0,0,0,0,0,0
Congo,COG,2022-03-27,0,0,0,0,0,0,0,0
Congo,COG,2022-03-20,0,0,0,0,0,0,0,0
Congo,COG,2022-03-13,0,0,0,0,0,0,0,0
Congo,COG,2022-03-06,0,0,0,0,0,0,0,0
Congo,COG,2022-02-27,0,0,0,0,0,0,0,0
Congo,COG,2022-02-20,0,0,0,0,0,0,0,0
Congo,COG,2022-02-13,0,0,0,0,0,0,0,0
Congo,COG,2022-02-06,0,0,0,0,0,0,0,0
Congo,COG,2022-01-30,0,0,0,0,0,0,0,0
Congo,COG,2022-01-23,0,0,0,0,0,0,0,0
Congo,COG,2022-01-16,0,0,0,0,0,0,0,0
Congo,COG,2022-01-09,0,0,0,0,0,0,0,0
Côte d’Ivoire,CIV,2025-01-19,109,0,1,0,1,0,0,0
Côte d’Ivoire,CIV,2025-01-12,108,0,1,0,1,0,0,0
Côte d’Ivoire,CIV,2025-01-05,107,0,1,0,0,0,0,0
Côte d’Ivoire,CIV,2024-12-29,107,0,1,0,0,0,0,0
Côte d’Ivoire,CIV,2024-12-22,107,0,1,0,0,0,0,0
Côte d’Ivoire,CIV,2024-12-15,107,0,1,0,0,0,0,0
Côte d’Ivoire,CIV,2024-12-08,107,0,1,0,0,0,0,0
Côte d’Ivoire,CIV,2024-12-01,107,0,1,0,4,0,0,0
Côte d’Ivoire,CIV,2024-11-24,103,0,1,0,2,0,0,0
Côte d’Ivoire,CIV,2024-11-17,101,0,1,0,5,0,0,0
Côte d’Ivoire,CIV,2024-11-10,96,0,1,0,4,0,0,0
Côte d’Ivoire,CIV,2024-11-03,92,0,1,0,5,0,0,0
Côte d’Ivoire,CIV,2024-10-27,87,0,1,0,4,0,0,0
Côte d’Ivoire,CIV,2024-10-20,83,0,1,0,5,0,0,0
Côte d’Ivoire,CIV,2024-10-13,78,0,1,0,4,0,0,0
Côte d’Ivoire,CIV,2024-10-06,74,0,1,0,6,0,0,0
Côte d’Ivoire,CIV,2024-09-29,68,0,1,0,4,0,0,0
Côte d’Ivoire,CIV,2024-09-22,64,0,1,0,7,0,0,0
Côte d’Ivoire,CIV,2024-09-15,57,0,1,0,10,0,0,0
Côte d’Ivoire,CIV,2024-09-08,47,0,1,0,4,0,0,0
Côte d’Ivoire,CIV,2024-09-01,43,0,1,0,5,0,0,0
Côte d’Ivoire,CIV,2024-08-25,38,0,1,0,7,0,0,0
Côte d’Ivoire,CIV,2024-08-18,31,0,1,0,12,0,1,0
Côte d’Ivoire,CIV,2024-08-11,19,0,0,0,6,0,0,0
Côte d’Ivoire,CIV,2024-08-04,13,0,0,0,4,0,0,0
Côte d’Ivoire,CIV,2024-07-28,9,0,0,0,4,0,0,0
Côte d’Ivoire,CIV,2024-07-21,5,0,0,0,3,0,0,0
Côte d’Ivoire,CIV,2024-07-14,2,0,0,0,1,0,0,0
Côte d’Ivoire,CIV,2024-07-07,1,0,0,0,1,0,0,0
Côte d’Ivoire,CIV,2024-06-30,0,0,0,0,0,0,0,0
Democratic Republic of the Congo,COD,2025-01-26,14704,69250,45,1391,0,1842,0,21
Democratic Republic of the Congo,COD,2025-01-19,14704,67408,45,1370,0,2706,0,38
Democratic Republic of the Congo,COD,2025-01-12,14704,64702,45,1332,180,2934,0,23
Democratic Republic of the Congo,COD,2025-01-05,14524,61768,45,1309,255,2301,0,9
Democratic Republic of the Congo,COD,2024-12-29,14269,59467,45,1300,246,2078,0,21
Democratic Republic of the Congo,COD,2024-12-22,14023,57389,45,1279,303,2057,0,12
Democratic Republic of the Congo,COD,2024-12-15,13720,55332,45,1267,332,2717,0,20
Democratic Republic of the Congo,COD,2024-12-08,13388,52615,45,1247,447,2590,0,29
Democratic Republic of the Congo,COD,2024-12-01,12941,50025,45,1218,453,2142,0,29
Democratic Republic of the Congo,COD,2024-11-24,12488,47883,45,1189,378,2115,0,36
Democratic Republic of the Congo,COD,2024-11-17,12110,45768,45,1153,524,2257,0,21
Democratic Republic of the Congo,COD,2024-11-10,11586,43511,45,1132,540,2212,0,33
Democratic Republic of the Congo,COD,2024-11-03,11046,41299,45,1099,349,2225,0,34
Democratic Republic of the Congo,COD,2024-10-27,10697,39074,45,1065,417,2094,0,33
Democratic Republic of the Congo,COD,2024-10-20,10280,36980,45,1032,433,2088,1,35
Democratic Republic of the Congo,COD,2024-10-13,9847,34892,44,997,313,2164,4,26
Democratic Republic of the Congo,COD,2024-10-06,9534,32728,40,971,451,2369,0,42
Democratic Republic of the Congo,COD,2024-09-29,9083,30359,40,929,340,2346,4,47
Democratic Republic of the Congo,COD,2024-09-22,8743,28013,36,882,542,2456,0,61
Democratic Republic of the Congo,COD,2024-09-15,8201,25557,36,821,245,2348,4,52
Democratic Republic of the Congo,COD,2024-09-08,7956,23209,32,769,403,2186,0,73
Democratic Republic of the Congo,COD,2024-09-01,7553,21023,32,696,400,1956,3,58
Democratic Republic of the Congo,COD,2024-08-25,7153,19067,29,638,243,1802,0,37
Democratic Republic of the Congo,COD,2024-08-18,6910,17265,29,601,212,1382,2,37
Democratic Republic of the Congo,COD,2024-08-11,6698,15883,27,564,179,1051,0,23
Democratic Republic of the Congo,COD,2024-08-04,6519,14832,27,541,196,967,0,26
Democratic Republic of the Congo,COD,2024-07-28,6323,13865,27,515,302,892,3,29
Democratic Republic of the Congo,COD,2024-07-21,6021,12973,24,486,467,875,2,21
Democratic Republic of the Congo,COD,2024-07-14,5554,12098,22,465,387,863,0,17
Democratic Republic of the Congo,COD,2024-07-07,5167,11235,22,448,305,839,0,14
Democratic Republic of the Congo,COD,2024-06-30,4862,10396,22,434,261,662,4,6
Democratic Republic of the Congo,COD,2024-06-23,4601,9734,18,428,327,516,0,7
Democratic Republic of the Congo,COD,2024-06-16,4274,9218,18,421,346,473,2,11
Democratic Republic of the Congo,COD,2024-06-09,3928,8745,16,410,215,500,1,11
Democratic Republic of the Congo,COD,2024-06-02,3713,8245,15,399,160,420,2,12
Democratic Republic of the Congo,COD,2024-05-26,3553,7825,13,387,185,444,1,13
Democratic Republic of the Congo,COD,2024-05-19,3368,7381,12,374,198,453,2,7
Democratic Republic of the Congo,COD,2024-05-12,3170,6928,10,367,192,522,1,16
Democratic Republic of the Congo,COD,2024-05-05,2978,6406,9,351,247,440,1,12
Democratic Republic of the Congo,COD,2024-04-28,2731,5966,8,339,94,262,2,5
Democratic Republic of the Congo,COD,2024-04-21,2637,5704,6,334,110,245,1,7
Democratic Republic of the Congo,COD,2024-04-14,2527,5459,5,327,122,269,0,4
Democratic Republic of the Congo,COD,2024-04-07,2405,5190,5,323,81,302,1,9
Democratic Republic of the Congo,COD,2024-03-31,2324,4888,4,314,64,282,0,5
Democratic Republic of the Congo,COD,2024-03-24,2260,4606,4,309,87,287,0,12
Democratic Republic of the Congo,COD,2024-03-17,2173,4319,4,297,54,300,0,12
Democratic Republic of the Congo,COD,2024-03-10,2119,4019,4,285,70,381,0,9
Democratic Republic of the Congo,COD,2024-03-03,2049,3638,4,276,87,376,1,14
Democratic Republic of the Congo,COD,2024-02-25,1962,3262,3,262,74,608,0,41
Democratic Republic of the Congo,COD,2024-02-18,1888,2654,3,221,68,547,0,37
Democratic Republic of the Congo,COD,2024-02-11,1820,2107,3,184,94,521,0,49
Democratic Republic of the Congo,COD,2024-02-04,1726,1586,3,135,66,406,0,35
Democratic Republic of the Congo,COD,2024-01-28,1660,1180,3,100,115,342,0,29
Democratic Republic of the Congo,COD,2024-01-21,1545,838,3,71,183,277,0,22
Democratic Republic of the Congo,COD,2024-01-14,1362,561,3,49,72,297,1,26
Democratic Republic of the Congo,COD,2024-01-07,1290,264,2,23,45,264,0,23
Democratic Republic of the Congo,COD,2023-12-31,1245,0,2,0,15,0,0,0
Democratic Republic of the Congo,COD,2023-12-24,1230,0,2,0,30,0,0,0
Democratic Republic of the Congo,COD,2023-12-17,1200,0,2,0,8,0,0,0
Democratic Republic of the Congo,COD,2023-12-10,1192,0,2,0,14,0,0,0
Democratic Republic of the Congo,COD,2023-12-03,1178,0,2,0,7,0,0,0
Democratic Republic of the Congo,COD,2023-11-26,1171,0,2,0,17,0,0,0
Democratic Republic of the Congo,COD,2023-11-19,1154,0,2,0,27,0,0,0
Democratic Republic of the Congo,COD,2023-11-12,1127,0,2,0,52,0,0,0
Democratic Republic of the Congo,COD,2023-11-05,1075,0,2,0,29,0,0,0
Democratic Republic of the Congo,COD,2023-10-29,1046,0,2,0,35,0,0,0
Democratic Republic of the Congo,COD,2023-10-22,1011,0,2,0,29,0,0,0
Democratic Republic of the Congo,COD,2023-10-15,982,0,2,0,30,0,0,0
Democratic Republic of the Congo,COD,2023-10-08,952,0,2,0,27,0,0,0
Democratic Republic of the Congo,COD,2023-10-01,925,0,2,0,14,0,0,0
Democratic Republic of the Congo,COD,2023-09-24,911,0,2,0,12,0,0,0
Democratic Republic of the Congo,COD,2023-09-17,899,0,2,0,10,0,0,0
Democratic Republic of the Congo,COD,2023-09-10,889,0,2,0,3,0,0,0
Democratic Republic of the Congo,COD,2023-09-03,886,0,2,0,6,0,0,0
Democratic Republic of the Congo,COD,2023-08-27,880,0,2,0,12,0,0,0
Democratic Republic of the Congo,COD,2023-08-20,868,0,2,0,8,0,0,0
Democratic Republic of the Congo,COD,2023-08-13,860,0,2,0,11,0,0,0
Democratic Republic of the Congo,COD,2023-08-06,849,0,2,0,15,0,0,0
Democratic Republic of the Congo,COD,2023-07-30,834,0,2,0,6,0,0,0
Democratic Republic of the Congo,COD,2023-07-23,828,0,2,0,11,0,0,0
Democratic Republic of the Congo,COD,2023-07-16,817,0,2,0,31,0,0,0
Democratic Republic of the Congo,COD,2023-07-09,786,0,2,0,27,0,0,0
Democratic Republic of the Congo,COD,2023-07-02,759,0,2,0,25,0,0,0
Democratic Republic of the Congo,COD,2023-06-25,734,0,2,0,34,0,0,0
Democratic Republic of the Congo,COD,2023-06-18,700,0,2,0,25,0,0,0
Democratic Republic of the Congo,COD,2023-06-11,675,0,2,0,1,0,0,0
Democratic Republic of the Congo,COD,2023-06-04,674,0,2,0,31,0,0,0
Democratic Republic of the Congo,COD,2023-05-28,643,0,2,0,2,0,0,0
Democratic Republic of the Congo,COD,2023-05-21,641,0,2,0,9,0,0,0
Democratic Republic of the Congo,COD,2023-05-14,632,0,2,0,28,0,1,0
Democratic Republic of the Congo,COD,2023-05-07,604,0,1,0,46,0,1,0
Democratic Republic of the Congo,COD,2023-04-30,558,0,0,0,2,0,0,0
Democratic Republic of the Congo,COD,2023-04-23,556,0,0,0,0,0,0,0
Democratic Republic of the Congo,COD,2023-04-16,556,0,0,0,39,0,0,0
Democratic Republic of the Congo,COD,2023-04-09,517,0,0,0,64,0,0,0
Democratic Republic of the Congo,COD,2023-04-02,453,0,0,0,2,0,0,0
Democratic Republic of the Congo,COD,2023-03-26,451,0,0,0,3,0,0,0
Democratic Republic of the Congo,COD,2023-03-19,448,0,0,0,7,0,0,0
Democratic Republic of the Congo,COD,2023-03-12,441,0,0,0,0,0,0,0
Democratic Republic of the Congo,COD,2023-03-05,441,0,0,0,21,0,0,0
Democratic Republic of the Congo,COD,2023-02-26,420,0,0,0,0,0,0,0
Democratic Republic of the Congo,COD,2023-02-19,420,0,0,0,33,0,0,0
Democratic Republic of the Congo,COD,2023-02-12,387,0,0,0,0,0,0,0
Democratic Republic of the Congo,COD,2023-02-05,387,0,0,0,10,0,0,0
Democratic Republic of the Congo,COD,2023-01-29,377,0,0,0,22,0,0,0
Democratic Republic of the Congo,COD,2023-01-22,355,0,0,0,22,0,0,0
Democratic Republic of the Congo,COD,2023-01-15,333,0,0,0,17,0,0,0
Democratic Republic of the Congo,COD,2023-01-08,316,0,0,0,37,0,0,0
Democratic Republic of the Congo,COD,2023-01-01,279,0,0,0,0,0,0,0
Democratic Republic of the Congo,COD,2022-12-25,279,0,0,0,2,0,0,0
Democratic Republic of the Congo,COD,2022-12-18,277,0,0,0,2,0,0,0
Democratic Republic of the Congo,COD,2022-12-11,275,0,0,0,0,0,0,0
Democratic Republic of the Congo,COD,2022-12-04,275,0,0,0,3,0,0,0
Democratic Republic of the Congo,COD,2022-11-27,272,0,0,0,10,0,0,0
Democratic Republic of the Congo,COD,2022-11-20,262,0,0,0,4,0,0,0
Democratic Republic of the Congo,COD,2022-11-13,258,0,0,0,6,0,0,0
Democratic Republic of the Congo,COD,2022-11-06,252,0,0,0,1,0,0,0
Democratic Republic of the Congo,COD,2022-10-30,251,0,0,0,1,0,0,0
Democratic Republic of the Congo,COD,2022-10-23,250,0,0,0,15,0,0,0
Democratic Republic of the Congo,COD,2022-10-16,235,0,0,0,7,0,0,0
Democratic Republic of the Congo,COD,2022-10-09,228,0,0,0,26,0,0,0
Democratic Republic of the Congo,COD,2022-10-02,202,0,0,0,2,0,0,0
Democratic Republic of the Congo,COD,2022-09-25,200,0,0,0,10,0,0,0
Democratic Republic of the Congo,COD,2022-09-18,190,0,0,0,16,0,0,0
Democratic Republic of the Congo,COD,2022-09-11,174,0,0,0,0,0,0,0
Democratic Republic of the Congo,COD,2022-09-04,174,0,0,0,0,0,0,0
Democratic Republic of the Congo,COD,2022-08-28,174,0,0,0,25,0,0,0
Democratic Republic of the Congo,COD,2022-08-21,149,0,0,0,0,0,0,0
Democratic Republic of the Congo,COD,2022-08-14,149,0,0,0,49,0,0,0
Democratic Republic of the Congo,COD,2022-08-07,100,0,0,0,0,0,0,0
Democratic Republic of the Congo,COD,2022-07-31,100,0,0,0,0,0,0,0
Democratic Republic of the Congo,COD,2022-07-24,100,0,0,0,0,0,0,0
Democratic Republic of the Congo,COD,2022-07-17,100,0,0,0,0,0,0,0
Democratic Republic of the Congo,COD,2022-07-10,100,0,0,0,0,0,0,0
Democratic Republic of the Congo,COD,2022-07-03,100,0,0,0,0,0,0,0
Democratic Republic of the Congo,COD,2022-06-26,100,0,0,0,0,0,0,0
Democratic Republic of the Congo,COD,2022-06-19,100,0,0,0,90,0,0,0
Democratic Republic of the Congo,COD,2022-06-12,10,0,0,0,0,0,0,0
Democratic Republic of the Congo,COD,2022-06-05,10,0,0,0,0,0,0,0
Democratic Republic of the Congo,COD,2022-05-29,10,0,0,0,0,0,0,0
Democratic Republic of the Congo,COD,2022-05-22,10,0,0,0,10,0,0,0
Democratic Republic of the Congo,COD,2022-05-15,0,0,0,0,0,0,0,0
Democratic Republic of the Congo,COD,2022-05-08,0,0,0,0,0,0,0,0
Democratic Republic of the Congo,COD,2022-05-01,0,0,0,0,0,0,0,0
Democratic Republic of the Congo,COD,2022-04-24,0,0,0,0,0,0,0,0
Democratic Republic of the Congo,COD,2022-04-17,0,0,0,0,0,0,0,0
Democratic Republic of the Congo,COD,2022-04-10,0,0,0,0,0,0,0,0
Democratic Republic of the Congo,COD,2022-04-03,0,0,0,0,0,0,0,0
Democratic Republic of the Congo,COD,2022-03-27,0,0,0,0,0,0,0,0
Democratic Republic of the Congo,COD,2022-03-20,0,0,0,0,0,0,0,0
Democratic Republic of the Congo,COD,2022-03-13,0,0,0,0,0,0,0,0
Democratic Republic of the Congo,COD,2022-03-06,0,0,0,0,0,0,0,0
Democratic Republic of the Congo,COD,2022-02-27,0,0,0,0,0,0,0,0
Democratic Republic of the Congo,COD,2022-02-20,0,0,0,0,0,0,0,0
Democratic Republic of the Congo,COD,2022-02-13,0,0,0,0,0,0,0,0
Democratic Republic of the Congo,COD,2022-02-06,0,0,0,0,0,0,0,0
Democratic Republic of the Congo,COD,2022-01-30,0,0,0,0,0,0,0,0
Democratic Republic of the Congo,COD,2022-01-23,0,0,0,0,0,0,0,0
Democratic Republic of the Congo,COD,2022-01-16,0,0,0,0,0,0,0,0
Democratic Republic of the Congo,COD,2022-01-09,0,0,0,0,0,0,0,0
Egypt,EGY,2022-12-18,3,0,0,0,1,0,0,0
Egypt,EGY,2022-12-11,2,0,0,0,1,0,0,0
Egypt,EGY,2022-10-02,1,0,0,0,1,0,0,0
Gabon,GAB,2024-12-29,2,0,0,0,0,0,0,0
Gabon,GAB,2024-12-22,2,0,0,0,0,0,0,0
Gabon,GAB,2024-12-15,2,0,0,0,0,0,0,0
Gabon,GAB,2024-12-08,2,0,0,0,0,0,0,0
Gabon,GAB,2024-12-01,2,0,0,0,0,0,0,0
Gabon,GAB,2024-11-24,2,0,0,0,0,0,0,0
Gabon,GAB,2024-11-17,2,0,0,0,0,0,0,0
Gabon,GAB,2024-11-10,2,0,0,0,0,0,0,0
Gabon,GAB,2024-11-03,2,0,0,0,0,0,0,0
Gabon,GAB,2024-10-27,2,0,0,0,0,0,0,0
Gabon,GAB,2024-10-20,2,0,0,0,0,0,0,0
Gabon,GAB,2024-10-13,2,0,0,0,0,0,0,0
Gabon,GAB,2024-10-06,2,0,0,0,0,0,0,0
Gabon,GAB,2024-09-29,2,0,0,0,0,0,0,0
Gabon,GAB,2024-09-22,2,0,0,0,0,0,0,0
Gabon,GAB,2024-09-15,2,0,0,0,0,0,0,0
Gabon,GAB,2024-09-08,2,0,0,0,0,0,0,0
Gabon,GAB,2024-09-01,2,0,0,0,1,0,0,0
Gabon,GAB,2024-08-25,1,0,0,0,1,0,0,0
Gabon,GAB,2024-08-18,0,0,0,0,0,0,0,0
Ghana,GHA,2024-12-29,133,0,4,0,0,0,0,0
Ghana,GHA,2024-12-22,133,0,4,0,0,0,0,0
Ghana,GHA,2024-12-15,133,0,4,0,0,0,0,0
Ghana,GHA,2024-12-08,133,0,4,0,0,0,0,0
Ghana,GHA,2024-12-01,133,0,4,0,0,0,0,0
Ghana,GHA,2024-11-24,133,0,4,0,1,0,0,0
Ghana,GHA,2024-11-17,132,0,4,0,1,0,0,0
Ghana,GHA,2024-11-10,131,0,4,0,0,0,0,0
Ghana,GHA,2024-11-03,131,0,4,0,0,0,0,0
Ghana,GHA,2024-10-27,131,0,4,0,1,0,0,0
Ghana,GHA,2024-10-20,130,0,4,0,0,0,0,0
Ghana,GHA,2024-10-13,130,0,4,0,0,0,0,0
Ghana,GHA,2024-10-06,130,0,4,0,0,0,0,0
Ghana,GHA,2024-09-29,130,0,4,0,1,0,0,0
Ghana,GHA,2024-09-22,129,0,4,0,1,0,0,0
Ghana,GHA,2024-09-15,128,0,4,0,0,0,0,0
Ghana,GHA,2024-09-08,128,0,4,0,0,0,0,0
Ghana,GHA,2024-09-01,128,0,4,0,0,0,0,0
Ghana,GHA,2024-08-25,128,0,4,0,0,0,0,0
Ghana,GHA,2024-08-18,128,0,4,0,0,0,0,0
Ghana,GHA,2024-08-11,128,0,4,0,0,0,0,0
Ghana,GHA,2024-08-04,128,0,4,0,0,0,0,0
Ghana,GHA,2024-07-28,128,0,4,0,0,0,0,0
Ghana,GHA,2024-07-21,128,0,4,0,0,0,0,0
Ghana,GHA,2024-07-14,128,0,4,0,0,0,0,0
Ghana,GHA,2024-07-07,128,0,4,0,0,0,0,0
Ghana,GHA,2024-06-30,128,0,4,0,0,0,0,0
Ghana,GHA,2024-06-23,128,0,4,0,0,0,0,0
Ghana,GHA,2024-06-16,128,0,4,0,0,0,0,0
Ghana,GHA,2024-06-09,128,0,4,0,0,0,0,0
Ghana,GHA,2024-06-02,128,0,4,0,0,0,0,0
Ghana,GHA,2024-05-26,128,0,4,0,0,0,0,0
Ghana,GHA,2024-05-19,128,0,4,0,0,0,0,0
Ghana,GHA,2024-05-12,128,0,4,0,0,0,0,0
Ghana,GHA,2024-05-05,128,0,4,0,0,0,0,0
Ghana,GHA,2024-04-28,128,0,4,0,0,0,0,0
Ghana,GHA,2024-04-21,128,0,4,0,0,0,0,0
Ghana,GHA,2024-04-14,128,0,4,0,0,0,0,0
Ghana,GHA,2024-04-07,128,0,4,0,0,0,0,0
Ghana,GHA,2024-03-31,128,0,4,0,0,0,0,0
Ghana,GHA,2024-03-24,128,0,4,0,0,0,0,0
Ghana,GHA,2024-03-17,128,0,4,0,0,0,0,0
Ghana,GHA,2024-03-10,128,0,4,0,0,0,0,0
Ghana,GHA,2024-03-03,128,0,4,0,0,0,0,0
Ghana,GHA,2024-02-25,128,0,4,0,0,0,0,0
Ghana,GHA,2024-02-18,128,0,4,0,0,0,0,0
Ghana,GHA,2024-02-11,128,0,4,0,0,0,0,0
Ghana,GHA,2024-02-04,128,0,4,0,0,0,0,0
Ghana,GHA,2024-01-28,128,0,4,0,0,0,0,0
Ghana,GHA,2024-01-21,128,0,4,0,0,0,0,0
Ghana,GHA,2024-01-14,128,0,4,0,0,0,0,0
Ghana,GHA,2024-01-07,128,0,4,0,0,0,0,0
Ghana,GHA,2023-12-31,128,0,4,0,0,0,0,0
Ghana,GHA,2023-12-24,128,0,4,0,0,0,0,0
Ghana,GHA,2023-12-17,128,0,4,0,0,0,0,0
Ghana,GHA,2023-12-10,128,0,4,0,0,0,0,0
Ghana,GHA,2023-12-03,128,0,4,0,0,0,0,0
Ghana,GHA,2023-11-26,128,0,4,0,0,0,0,0
Ghana,GHA,2023-11-19,128,0,4,0,0,0,0,0
Ghana,GHA,2023-11-12,128,0,4,0,0,0,0,0
Ghana,GHA,2023-11-05,128,0,4,0,0,0,0,0
Ghana,GHA,2023-10-29,128,0,4,0,0,0,0,0
Ghana,GHA,2023-10-22,128,0,4,0,0,0,0,0
Ghana,GHA,2023-10-15,128,0,4,0,0,0,0,0
Ghana,GHA,2023-10-08,128,0,4,0,0,0,0,0
Ghana,GHA,2023-10-01,128,0,4,0,0,0,0,0
Ghana,GHA,2023-09-24,128,0,4,0,0,0,0,0
Ghana,GHA,2023-09-17,128,0,4,0,0,0,0,0
Ghana,GHA,2023-09-10,128,0,4,0,0,0,0,0
Ghana,GHA,2023-09-03,128,0,4,0,0,0,0,0
Ghana,GHA,2023-08-27,128,0,4,0,0,0,0,0
Ghana,GHA,2023-08-20,128,0,4,0,0,0,0,0
Ghana,GHA,2023-08-13,128,0,4,0,0,0,0,0
Ghana,GHA,2023-08-06,128,0,4,0,0,0,0,0
Ghana,GHA,2023-07-30,128,0,4,0,0,0,0,0
Ghana,GHA,2023-07-23,128,0,4,0,0,0,0,0
Ghana,GHA,2023-07-16,128,0,4,0,0,0,0,0
Ghana,GHA,2023-07-09,128,0,4,0,0,0,0,0
Ghana,GHA,2023-07-02,128,0,4,0,0,0,0,0
Ghana,GHA,2023-06-25,128,0,4,0,0,0,0,0
Ghana,GHA,2023-06-18,128,0,4,0,0,0,0,0
Ghana,GHA,2023-06-11,128,0,4,0,0,0,0,0
Ghana,GHA,2023-06-04,128,0,4,0,0,0,0,0
Ghana,GHA,2023-05-28,128,0,4,0,0,0,0,0
Ghana,GHA,2023-05-21,128,0,4,0,0,0,0,0
Ghana,GHA,2023-05-14,128,0,4,0,1,0,0,0
Ghana,GHA,2023-05-07,127,0,4,0,1,0,0,0
Ghana,GHA,2023-04-30,126,0,4,0,0,0,0,0
Ghana,GHA,2023-04-23,126,0,4,0,0,0,0,0
Ghana,GHA,2023-04-16,126,0,4,0,0,0,0,0
Ghana,GHA,2023-04-09,126,0,4,0,1,0,0,0
Ghana,GHA,2023-04-02,125,0,4,0,0,0,0,0
Ghana,GHA,2023-03-26,125,0,4,0,0,0,0,0
Ghana,GHA,2023-03-19,125,0,4,0,1,0,0,0
Ghana,GHA,2023-03-12,124,0,4,0,0,0,0,0
Ghana,GHA,2023-03-05,124,0,4,0,0,0,0,0
Ghana,GHA,2023-02-26,124,0,4,0,0,0,0,0
Ghana,GHA,2023-02-19,124,0,4,0,0,0,0,0
Ghana,GHA,2023-02-12,124,0,4,0,0,0,0,0
Ghana,GHA,2023-02-05,124,0,4,0,0,0,0,0
Ghana,GHA,2023-01-29,124,0,4,0,0,0,0,0
Ghana,GHA,2023-01-22,124,0,4,0,2,0,0,0
Ghana,GHA,2023-01-15,122,0,4,0,0,0,0,0
Ghana,GHA,2023-01-08,122,0,4,0,0,0,0,0
Ghana,GHA,2023-01-01,122,0,4,0,0,0,0,0
Ghana,GHA,2022-12-25,122,0,4,0,5,0,0,0
Ghana,GHA,2022-12-18,117,0,4,0,0,0,0,0
Ghana,GHA,2022-12-11,117,0,4,0,6,0,0,0
Ghana,GHA,2022-12-04,111,0,4,0,0,0,0,0
Ghana,GHA,2022-11-27,111,0,4,0,3,0,0,0
Ghana,GHA,2022-11-20,108,0,4,0,0,0,0,0
Ghana,GHA,2022-11-13,108,0,4,0,0,0,0,0
Ghana,GHA,2022-11-06,108,0,4,0,0,0,0,0
Ghana,GHA,2022-10-30,108,0,4,0,2,0,0,0
Ghana,GHA,2022-10-23,106,0,4,0,0,0,0,0
Ghana,GHA,2022-10-16,106,0,4,0,1,0,0,0
Ghana,GHA,2022-10-09,105,0,4,0,0,0,0,0
Ghana,GHA,2022-10-02,105,0,4,0,4,0,0,0
Ghana,GHA,2022-09-25,101,0,4,0,5,0,0,0
Ghana,GHA,2022-09-18,96,0,4,0,3,0,0,0
Ghana,GHA,2022-09-11,93,0,4,0,4,0,0,0
Ghana,GHA,2022-09-04,89,0,4,0,3,0,0,0
Ghana,GHA,2022-08-28,86,0,4,0,7,0,0,0
Ghana,GHA,2022-08-21,79,0,4,0,11,0,3,0
Ghana,GHA,2022-08-14,68,0,1,0,12,0,0,0
Ghana,GHA,2022-08-07,56,0,1,0,4,0,0,0
Ghana,GHA,2022-07-31,52,0,1,0,14,0,1,0
Ghana,GHA,2022-07-24,38,0,0,0,2,0,0,0
Ghana,GHA,2022-07-17,36,0,0,0,2,0,0,0
Ghana,GHA,2022-07-10,34,0,0,0,5,0,0,0
Ghana,GHA,2022-07-03,29,0,0,0,6,0,0,0
Ghana,GHA,2022-06-26,23,0,0,0,1,0,0,0
Ghana,GHA,2022-06-19,22,0,0,0,3,0,0,0
Ghana,GHA,2022-06-12,19,0,0,0,11,0,0,0
Ghana,GHA,2022-06-05,8,0,0,0,6,0,0,0
Ghana,GHA,2022-05-29,2,0,0,0,0,0,0,0
Ghana,GHA,2022-05-22,2,0,0,0,0,0,0,0
Ghana,GHA,2022-05-15,2,0,0,0,0,0,0,0
Ghana,GHA,2022-05-08,2,0,0,0,0,0,0,0
Ghana,GHA,2022-05-01,2,0,0,0,0,0,0,0
Ghana,GHA,2022-04-24,2,0,0,0,0,0,0,0
Ghana,GHA,2022-04-17,2,0,0,0,0,0,0,0
Ghana,GHA,2022-04-10,2,0,0,0,0,0,0,0
Ghana,GHA,2022-04-03,2,0,0,0,0,0,0,0
Ghana,GHA,2022-03-27,2,0,0,0,0,0,0,0
Ghana,GHA,2022-03-20,2,0,0,0,0,0,0,0
Ghana,GHA,2022-03-13,2,0,0,0,0,0,0,0
Ghana,GHA,2022-03-06,2,0,0,0,1,0,0,0
Ghana,GHA,2022-02-27,1,0,0,0,1,0,0,0
Ghana,GHA,2022-02-20,0,0,0,0,0,0,0,0
Ghana,GHA,2022-02-13,0,0,0,0,0,0,0,0
Ghana,GHA,2022-02-06,0,0,0,0,0,0,0,0
Ghana,GHA,2022-01-30,0,0,0,0,0,0,0,0
Ghana,GHA,2022-01-23,0,0,0,0,0,0,0,0
Ghana,GHA,2022-01-16,0,0,0,0,0,0,0,0
Guinea,GIN,2025-01-05,2,0,0,0,0,0,0,0
Guinea,GIN,2024-12-29,2,0,0,0,0,0,0,0
Guinea,GIN,2024-12-22,2,0,0,0,0,0,0,0
Guinea,GIN,2024-12-15,2,0,0,0,0,0,0,0
Guinea,GIN,2024-12-08,2,0,0,0,1,0,0,0
Guinea,GIN,2024-12-01,1,0,0,0,0,0,0,0
Guinea,GIN,2024-11-24,1,0,0,0,0,0,0,0
Guinea,GIN,2024-11-17,1,0,0,0,0,0,0,0
Guinea,GIN,2024-11-10,1,0,0,0,0,0,0,0
Guinea,GIN,2024-11-03,1,0,0,0,0,0,0,0
Guinea,GIN,2024-10-27,1,0,0,0,0,0,0,0
Guinea,GIN,2024-10-20,1,0,0,0,0,0,0,0
Guinea,GIN,2024-10-13,1,0,0,0,0,0,0,0
Guinea,GIN,2024-10-06,1,0,0,0,0,0,0,0
Guinea,GIN,2024-09-29,1,0,0,0,0,0,0,0
Guinea,GIN,2024-09-22,1,0,0,0,0,0,0,0
Guinea,GIN,2024-09-15,1,0,0,0,0,0,0,0
Guinea,GIN,2024-09-08,1,0,0,0,0,0,0,0
Guinea,GIN,2024-08-25,1,0,0,0,0,0,0,0
Guinea,GIN,2024-08-18,1,0,0,0,0,0,0,0
Guinea,GIN,2024-08-11,1,0,0,0,0,0,0,0
Guinea,GIN,2024-08-04,1,0,0,0,0,0,0,0
Guinea,GIN,2024-07-28,1,0,0,0,0,0,0,0
Guinea,GIN,2024-01-14,1,0,0,0,1,0,0,0
Kenya,KEN,2025-01-26,37,0,1,0,1,0,0,0
Kenya,KEN,2025-01-19,36,0,1,0,2,0,0,0
Kenya,KEN,2025-01-12,34,0,1,0,0,0,0,0
Kenya,KEN,2025-01-05,34,0,1,0,1,0,0,0
Kenya,KEN,2024-12-29,33,0,1,0,4,0,0,0
Kenya,KEN,2024-12-22,29,0,1,0,0,0,0,0
Kenya,KEN,2024-12-15,29,0,1,0,1,0,0,0
Kenya,KEN,2024-12-08,28,0,1,0,5,0,0,0
Kenya,KEN,2024-12-01,23,0,1,0,4,0,0,0
Kenya,KEN,2024-11-24,19,0,1,0,2,0,0,0
Kenya,KEN,2024-11-17,17,0,1,0,0,0,0,0
Kenya,KEN,2024-11-10,17,0,1,0,3,0,0,0
Kenya,KEN,2024-11-03,14,0,1,0,0,0,0,0
Kenya,KEN,2024-10-27,14,0,1,0,0,0,0,0
Kenya,KEN,2024-10-20,14,0,1,0,1,0,0,0
Kenya,KEN,2024-10-13,13,0,1,0,1,0,1,0
Kenya,KEN,2024-10-06,12,0,0,0,4,0,0,0
Kenya,KEN,2024-09-29,8,0,0,0,3,0,0,0
Kenya,KEN,2024-09-22,5,0,0,0,0,0,0,0
Kenya,KEN,2024-09-15,5,0,0,0,0,0,0,0
Kenya,KEN,2024-09-08,5,0,0,0,1,0,0,0
Kenya,KEN,2024-09-01,4,0,0,0,2,0,0,0
Kenya,KEN,2024-08-25,2,0,0,0,1,0,0,0
Kenya,KEN,2024-08-18,1,0,0,0,0,0,0,0
Kenya,KEN,2024-08-11,1,0,0,0,0,0,0,0
Kenya,KEN,2024-08-04,1,0,0,0,0,0,0,0
Kenya,KEN,2024-07-28,1,0,0,0,1,0,0,0
Kenya,KEN,2024-07-21,0,0,0,0,0,0,0,0
Liberia,LBR,2025-02-02,85,0,0,0,4,0,0,0
Liberia,LBR,2025-01-26,81,0,0,0,0,0,0,0
Liberia,LBR,2025-01-19,81,0,0,0,1,0,0,0
Liberia,LBR,2025-01-12,80,0,0,0,0,0,0,0
Liberia,LBR,2025-01-05,80,0,0,0,0,0,0,0
Liberia,LBR,2024-12-29,80,0,0,0,0,0,0,0
Liberia,LBR,2024-12-22,80,0,0,0,0,0,0,0
Liberia,LBR,2024-12-15,80,0,0,0,0,0,0,0
Liberia,LBR,2024-12-08,80,0,0,0,1,0,0,0
Liberia,LBR,2024-12-01,79,0,0,0,11,0,0,0
Liberia,LBR,2024-11-24,68,0,0,0,9,0,0,0
Liberia,LBR,2024-11-17,59,0,0,0,1,0,0,0
Liberia,LBR,2024-11-10,58,0,0,0,18,0,0,0
Liberia,LBR,2024-11-03,40,0,0,0,3,0,0,0
Liberia,LBR,2024-10-27,37,0,0,0,1,0,0,0
Liberia,LBR,2024-10-20,36,0,0,0,1,0,0,0
Liberia,LBR,2024-10-13,35,0,0,0,4,0,0,0
Liberia,LBR,2024-10-06,31,0,0,0,0,0,0,0
Liberia,LBR,2024-09-29,31,0,0,0,2,0,0,0
Liberia,LBR,2024-09-22,29,0,0,0,0,0,0,0
Liberia,LBR,2024-09-15,29,0,0,0,3,0,0,0
Liberia,LBR,2024-09-08,26,0,0,0,2,0,0,0
Liberia,LBR,2024-09-01,24,0,0,0,1,0,0,0
Liberia,LBR,2024-08-25,23,0,0,0,0,0,0,0
Liberia,LBR,2024-08-18,23,0,0,0,0,0,0,0
Liberia,LBR,2024-08-11,23,0,0,0,1,0,0,0
Liberia,LBR,2024-08-04,22,0,0,0,0,0,0,0
Liberia,LBR,2024-07-28,22,0,0,0,0,0,0,0
Liberia,LBR,2024-07-21,22,0,0,0,0,0,0,0
Liberia,LBR,2024-07-14,22,0,0,0,0,0,0,0
Liberia,LBR,2024-07-07,22,0,0,0,0,0,0,0
Liberia,LBR,2024-06-30,22,0,0,0,0,0,0,0
Liberia,LBR,2024-06-23,22,0,0,0,0,0,0,0
Liberia,LBR,2024-06-16,22,0,0,0,0,0,0,0
Liberia,LBR,2024-06-09,22,0,0,0,0,0,0,0
Liberia,LBR,2024-06-02,22,0,0,0,0,0,0,0
Liberia,LBR,2024-05-26,22,0,0,0,0,0,0,0
Liberia,LBR,2024-05-19,22,0,0,0,0,0,0,0
Liberia,LBR,2024-05-12,22,0,0,0,0,0,0,0
Liberia,LBR,2024-05-05,22,0,0,0,0,0,0,0
Liberia,LBR,2024-04-28,22,0,0,0,0,0,0,0
Liberia,LBR,2024-04-21,22,0,0,0,0,0,0,0
Liberia,LBR,2024-04-14,22,0,0,0,0,0,0,0
Liberia,LBR,2024-04-07,22,0,0,0,0,0,0,0
Liberia,LBR,2024-03-31,22,0,0,0,1,0,0,0
Liberia,LBR,2024-03-24,21,0,0,0,0,0,0,0
Liberia,LBR,2024-03-17,21,0,0,0,0,0,0,0
Liberia,LBR,2024-03-10,21,0,0,0,1,0,0,0
Liberia,LBR,2024-03-03,20,0,0,0,0,0,0,0
Liberia,LBR,2024-02-25,20,0,0,0,0,0,0,0
Liberia,LBR,2024-02-18,20,0,0,0,1,0,0,0
Liberia,LBR,2024-02-11,19,0,0,0,0,0,0,0
Liberia,LBR,2024-02-04,19,0,0,0,1,0,0,0
Liberia,LBR,2024-01-28,18,0,0,0,0,0,0,0
Liberia,LBR,2024-01-21,18,0,0,0,0,0,0,0
Liberia,LBR,2024-01-14,18,0,0,0,1,0,0,0
Liberia,LBR,2024-01-07,17,0,0,0,0,0,0,0
Liberia,LBR,2023-12-31,17,0,0,0,0,0,0,0
Liberia,LBR,2023-12-24,17,0,0,0,0,0,0,0
Liberia,LBR,2023-12-17,17,0,0,0,0,0,0,0
Liberia,LBR,2023-12-10,17,0,0,0,0,0,0,0
Liberia,LBR,2023-12-03,17,0,0,0,2,0,0,0
Liberia,LBR,2023-11-26,15,0,0,0,1,0,0,0
Liberia,LBR,2023-11-19,14,0,0,0,2,0,0,0
Liberia,LBR,2023-11-12,12,0,0,0,0,0,0,0
Liberia,LBR,2023-11-05,12,0,0,0,0,0,0,0
Liberia,LBR,2023-10-29,12,0,0,0,0,0,0,0
Liberia,LBR,2023-10-22,12,0,0,0,0,0,0,0
Liberia,LBR,2023-10-15,12,0,0,0,0,0,0,0
Liberia,LBR,2023-10-08,12,0,0,0,0,0,0,0
Liberia,LBR,2023-10-01,12,0,0,0,0,0,0,0
Liberia,LBR,2023-09-24,12,0,0,0,0,0,0,0
Liberia,LBR,2023-09-17,12,0,0,0,0,0,0,0
Liberia,LBR,2023-09-10,12,0,0,0,0,0,0,0
Liberia,LBR,2023-09-03,12,0,0,0,0,0,0,0
Liberia,LBR,2023-08-27,12,0,0,0,0,0,0,0
Liberia,LBR,2023-08-20,12,0,0,0,0,0,0,0
Liberia,LBR,2023-08-13,12,0,0,0,0,0,0,0
Liberia,LBR,2023-08-06,12,0,0,0,0,0,0,0
Liberia,LBR,2023-07-30,12,0,0,0,0,0,0,0
Liberia,LBR,2023-07-23,12,0,0,0,0,0,0,0
Liberia,LBR,2023-07-16,12,0,0,0,0,0,0,0
Liberia,LBR,2023-07-09,12,0,0,0,0,0,0,0
Liberia,LBR,2023-07-02,12,0,0,0,0,0,0,0
Liberia,LBR,2023-06-25,12,0,0,0,0,0,0,0
Liberia,LBR,2023-06-18,12,0,0,0,0,0,0,0
Liberia,LBR,2023-06-11,12,0,0,0,0,0,0,0
Liberia,LBR,2023-06-04,12,0,0,0,0,0,0,0
Liberia,LBR,2023-05-28,12,0,0,0,0,0,0,0
Liberia,LBR,2023-05-21,12,0,0,0,0,0,0,0
Liberia,LBR,2023-05-14,12,0,0,0,0,0,0,0
Liberia,LBR,2023-05-07,12,0,0,0,0,0,0,0
Liberia,LBR,2023-04-30,12,0,0,0,0,0,0,0
Liberia,LBR,2023-04-23,12,0,0,0,2,0,0,0
Liberia,LBR,2023-04-16,10,0,0,0,0,0,0,0
Liberia,LBR,2023-04-09,10,0,0,0,0,0,0,0
Liberia,LBR,2023-04-02,10,0,0,0,0,0,0,0
Liberia,LBR,2023-03-26,10,0,0,0,0,0,0,0
Liberia,LBR,2023-03-19,10,0,0,0,1,0,0,0
Liberia,LBR,2023-03-12,9,0,0,0,0,0,0,0
Liberia,LBR,2023-03-05,9,0,0,0,1,0,0,0
Liberia,LBR,2023-02-26,8,0,0,0,0,0,0,0
Liberia,LBR,2023-02-19,8,0,0,0,1,0,0,0
Liberia,LBR,2023-02-12,7,0,0,0,0,0,0,0
Liberia,LBR,2023-02-05,7,0,0,0,0,0,0,0
Liberia,LBR,2023-01-29,7,0,0,0,1,0,0,0
Liberia,LBR,2023-01-22,6,0,0,0,0,0,0,0
Liberia,LBR,2023-01-15,6,0,0,0,0,0,0,0
Liberia,LBR,2023-01-08,6,0,0,0,0,0,0,0
Liberia,LBR,2023-01-01,6,0,0,0,0,0,0,0
Liberia,LBR,2022-12-25,6,0,0,0,0,0,0,0
Liberia,LBR,2022-12-18,6,0,0,0,0,0,0,0
Liberia,LBR,2022-12-11,6,0,0,0,2,0,0,0
Liberia,LBR,2022-12-04,4,0,0,0,0,0,0,0
Liberia,LBR,2022-11-27,4,0,0,0,1,0,0,0
Liberia,LBR,2022-11-20,3,0,0,0,0,0,0,0
Liberia,LBR,2022-11-13,3,0,0,0,0,0,0,0
Liberia,LBR,2022-11-06,3,0,0,0,0,0,0,0
Liberia,LBR,2022-10-30,3,0,0,0,0,0,0,0
Liberia,LBR,2022-10-23,3,0,0,0,0,0,0,0
Liberia,LBR,2022-10-16,3,0,0,0,0,0,0,0
Liberia,LBR,2022-10-09,3,0,0,0,0,0,0,0
Liberia,LBR,2022-10-02,3,0,0,0,0,0,0,0
Liberia,LBR,2022-09-25,3,0,0,0,0,0,0,0
Liberia,LBR,2022-09-18,3,0,0,0,0,0,0,0
Liberia,LBR,2022-09-11,3,0,0,0,0,0,0,0
Liberia,LBR,2022-09-04,3,0,0,0,0,0,0,0
Liberia,LBR,2022-08-28,3,0,0,0,0,0,0,0
Liberia,LBR,2022-08-21,3,0,0,0,0,0,0,0
Liberia,LBR,2022-08-14,3,0,0,0,1,0,0,0
Liberia,LBR,2022-08-07,2,0,0,0,1,0,0,0
Liberia,LBR,2022-07-31,1,0,0,0,1,0,0,0
Liberia,LBR,2022-07-24,0,0,0,0,0,0,0,0
Liberia,LBR,2022-07-17,0,0,0,0,0,0,0,0
Liberia,LBR,2022-07-10,0,0,0,0,0,0,0,0
Liberia,LBR,2022-07-03,0,0,0,0,0,0,0,0
Liberia,LBR,2022-06-26,0,0,0,0,0,0,0,0
Liberia,LBR,2022-06-19,0,0,0,0,0,0,0,0
Liberia,LBR,2022-06-12,0,0,0,0,0,0,0,0
Liberia,LBR,2022-06-05,0,0,0,0,0,0,0,0
Liberia,LBR,2022-05-29,0,0,0,0,0,0,0,0
Liberia,LBR,2022-05-22,0,0,0,0,0,0,0,0
Liberia,LBR,2022-05-15,0,0,0,0,0,0,0,0
Liberia,LBR,2022-05-08,0,0,0,0,0,0,0,0
Liberia,LBR,2022-05-01,0,0,0,0,0,0,0,0
Liberia,LBR,2022-04-24,0,0,0,0,0,0,0,0
Liberia,LBR,2022-04-17,0,0,0,0,0,0,0,0
Liberia,LBR,2022-04-10,0,0,0,0,0,0,0,0
Liberia,LBR,2022-04-03,0,0,0,0,0,0,0,0
Liberia,LBR,2022-03-27,0,0,0,0,0,0,0,0
Liberia,LBR,2022-03-20,0,0,0,0,0,0,0,0
Liberia,LBR,2022-03-13,0,0,0,0,0,0,0,0
Liberia,LBR,2022-03-06,0,0,0,0,0,0,0,0
Liberia,LBR,2022-02-27,0,0,0,0,0,0,0,0
Liberia,LBR,2022-02-20,0,0,0,0,0,0,0,0
Liberia,LBR,2022-02-13,0,0,0,0,0,0,0,0
Liberia,LBR,2022-02-06,0,0,0,0,0,0,0,0
Liberia,LBR,2022-01-30,0,0,0,0,0,0,0,0
Liberia,LBR,2022-01-23,0,0,0,0,0,0,0,0
Liberia,LBR,2022-01-16,0,0,0,0,0,0,0,0
Liberia,LBR,2022-01-09,0,0,0,0,0,0,0,0
Mauritius,MUS,2024-12-22,1,0,0,0,0,0,0,0
Mauritius,MUS,2024-12-15,1,0,0,0,0,0,0,0
Mauritius,MUS,2024-12-08,1,0,0,0,0,0,0,0
Mauritius,MUS,2024-12-01,1,0,0,0,0,0,0,0
Mauritius,MUS,2024-11-24,1,0,0,0,0,0,0,0
Mauritius,MUS,2024-11-17,1,0,0,0,0,0,0,0
Mauritius,MUS,2024-11-10,1,0,0,0,0,0,0,0
Mauritius,MUS,2024-11-03,1,0,0,0,0,0,0,0
Mauritius,MUS,2024-10-27,1,0,0,0,1,0,0,0
Mauritius,MUS,2024-10-20,0,0,0,0,0,0,0,0
Morocco,MAR,2024-10-06,7,0,0,0,1,0,0,0
Morocco,MAR,2024-09-15,6,0,0,0,1,0,0,0
Morocco,MAR,2024-03-17,5,0,0,0,1,0,0,0
Morocco,MAR,2023-10-08,4,0,0,0,1,0,0,0
Morocco,MAR,2022-09-04,3,0,0,0,2,0,0,0
Morocco,MAR,2022-06-19,1,0,0,0,0,0,0,0
Morocco,MAR,2022-06-12,1,0,0,0,0,0,0,0
Morocco,MAR,2022-06-05,1,0,0,0,1,0,0,0
Mozambique,MOZ,2024-12-22,1,0,1,0,0,0,0,0
Mozambique,MOZ,2024-12-15,1,0,1,0,0,0,0,0
Mozambique,MOZ,2024-12-08,1,0,1,0,0,0,0,0
Mozambique,MOZ,2024-12-01,1,0,1,0,0,0,0,0
Mozambique,MOZ,2024-11-24,1,0,1,0,0,0,0,0
Mozambique,MOZ,2024-11-17,1,0,1,0,0,0,0,0
Mozambique,MOZ,2024-11-10,1,0,1,0,0,0,0,0
Mozambique,MOZ,2024-11-03,1,0,1,0,0,0,0,0
Mozambique,MOZ,2024-10-27,1,0,1,0,0,0,0,0
Mozambique,MOZ,2024-10-20,1,0,1,0,0,0,0,0
Mozambique,MOZ,2024-10-13,1,0,1,0,0,0,0,0
Mozambique,MOZ,2024-10-06,1,0,1,0,0,0,0,0
Mozambique,MOZ,2024-09-29,1,0,1,0,0,0,0,0
Mozambique,MOZ,2024-09-22,1,0,1,0,0,0,0,0
Mozambique,MOZ,2024-09-15,1,0,1,0,0,0,0,0
Mozambique,MOZ,2024-09-08,1,0,1,0,0,0,0,0
Mozambique,MOZ,2024-09-01,1,0,1,0,0,0,0,0
Mozambique,MOZ,2024-08-25,1,0,1,0,0,0,0,0
Mozambique,MOZ,2024-08-18,1,0,1,0,0,0,0,0
Mozambique,MOZ,2024-08-11,1,0,1,0,0,0,0,0
Mozambique,MOZ,2024-08-04,1,0,1,0,0,0,0,0
Mozambique,MOZ,2024-07-28,1,0,1,0,0,0,0,0
Mozambique,MOZ,2024-07-21,1,0,1,0,0,0,0,0
Mozambique,MOZ,2024-07-14,1,0,1,0,0,0,0,0
Mozambique,MOZ,2024-07-07,1,0,1,0,0,0,0,0
Mozambique,MOZ,2024-06-30,1,0,1,0,0,0,0,0
Mozambique,MOZ,2024-06-23,1,0,1,0,0,0,0,0
Mozambique,MOZ,2024-06-16,1,0,1,0,0,0,0,0
Mozambique,MOZ,2024-06-09,1,0,1,0,0,0,0,0
Mozambique,MOZ,2024-06-02,1,0,1,0,0,0,0,0
Mozambique,MOZ,2024-05-26,1,0,1,0,0,0,0,0
Mozambique,MOZ,2024-05-19,1,0,1,0,0,0,0,0
Mozambique,MOZ,2024-05-12,1,0,1,0,0,0,0,0
Mozambique,MOZ,2024-05-05,1,0,1,0,0,0,0,0
Mozambique,MOZ,2024-04-28,1,0,1,0,0,0,0,0
Mozambique,MOZ,2024-04-21,1,0,1,0,0,0,0,0
Mozambique,MOZ,2024-04-14,1,0,1,0,0,0,0,0
Mozambique,MOZ,2024-04-07,1,0,1,0,0,0,0,0
Mozambique,MOZ,2024-03-31,1,0,1,0,0,0,0,0
Mozambique,MOZ,2024-03-24,1,0,1,0,0,0,0,0
Mozambique,MOZ,2024-03-17,1,0,1,0,0,0,0,0
Mozambique,MOZ,2024-03-10,1,0,1,0,0,0,0,0
Mozambique,MOZ,2024-03-03,1,0,1,0,0,0,0,0
Mozambique,MOZ,2024-02-25,1,0,1,0,0,0,0,0
Mozambique,MOZ,2024-02-18,1,0,1,0,0,0,0,0
Mozambique,MOZ,2024-02-11,1,0,1,0,0,0,0,0
Mozambique,MOZ,2024-02-04,1,0,1,0,0,0,0,0
Mozambique,MOZ,2024-01-28,1,0,1,0,0,0,0,0
Mozambique,MOZ,2024-01-21,1,0,1,0,0,0,0,0
Mozambique,MOZ,2024-01-14,1,0,1,0,0,0,0,0
Mozambique,MOZ,2024-01-07,1,0,1,0,0,0,0,0
Mozambique,MOZ,2023-12-31,1,0,1,0,0,0,0,0
Mozambique,MOZ,2023-12-24,1,0,1,0,0,0,0,0
Mozambique,MOZ,2023-12-17,1,0,1,0,0,0,0,0
Mozambique,MOZ,2023-12-10,1,0,1,0,0,0,0,0
Mozambique,MOZ,2023-12-03,1,0,1,0,0,0,0,0
Mozambique,MOZ,2023-11-26,1,0,1,0,0,0,0,0
Mozambique,MOZ,2023-11-19,1,0,1,0,0,0,0,0
Mozambique,MOZ,2023-11-12,1,0,1,0,0,0,0,0
Mozambique,MOZ,2023-11-05,1,0,1,0,0,0,0,0
Mozambique,MOZ,2023-10-29,1,0,1,0,0,0,0,0
Mozambique,MOZ,2023-10-22,1,0,1,0,0,0,0,0
Mozambique,MOZ,2023-10-15,1,0,1,0,0,0,0,0
Mozambique,MOZ,2023-10-08,1,0,1,0,0,0,0,0
Mozambique,MOZ,2023-10-01,1,0,1,0,0,0,0,0
Mozambique,MOZ,2023-09-24,1,0,1,0,0,0,0,0
Mozambique,MOZ,2023-09-17,1,0,1,0,0,0,0,0
Mozambique,MOZ,2023-09-10,1,0,1,0,0,0,0,0
Mozambique,MOZ,2023-09-03,1,0,1,0,0,0,0,0
Mozambique,MOZ,2023-08-27,1,0,1,0,0,0,0,0
Mozambique,MOZ,2023-08-20,1,0,1,0,0,0,0,0
Mozambique,MOZ,2023-08-13,1,0,1,0,0,0,0,0
Mozambique,MOZ,2023-08-06,1,0,1,0,0,0,0,0
Mozambique,MOZ,2023-07-30,1,0,1,0,0,0,0,0
Mozambique,MOZ,2023-07-23,1,0,1,0,0,0,0,0
Mozambique,MOZ,2023-07-16,1,0,1,0,0,0,0,0
Mozambique,MOZ,2023-07-09,1,0,1,0,0,0,0,0
Mozambique,MOZ,2023-07-02,1,0,1,0,0,0,0,0
Mozambique,MOZ,2023-06-25,1,0,1,0,0,0,0,0
Mozambique,MOZ,2023-06-18,1,0,1,0,0,0,0,0
Mozambique,MOZ,2023-06-11,1,0,1,0,0,0,0,0
Mozambique,MOZ,2023-06-04,1,0,1,0,0,0,0,0
Mozambique,MOZ,2023-05-28,1,0,1,0,0,0,0,0
Mozambique,MOZ,2023-05-21,1,0,1,0,0,0,0,0
Mozambique,MOZ,2023-05-14,1,0,1,0,0,0,0,0
Mozambique,MOZ,2023-05-07,1,0,1,0,0,0,0,0
Mozambique,MOZ,2023-04-30,1,0,1,0,0,0,0,0
Mozambique,MOZ,2023-04-23,1,0,1,0,0,0,0,0
Mozambique,MOZ,2023-04-16,1,0,1,0,0,0,0,0
Mozambique,MOZ,2023-04-09,1,0,1,0,0,0,0,0
Mozambique,MOZ,2023-04-02,1,0,1,0,0,0,0,0
Mozambique,MOZ,2023-03-26,1,0,1,0,0,0,0,0
Mozambique,MOZ,2023-03-19,1,0,1,0,0,0,0,0
Mozambique,MOZ,2023-03-12,1,0,1,0,0,0,0,0
Mozambique,MOZ,2023-03-05,1,0,1,0,0,0,0,0
Mozambique,MOZ,2023-02-26,1,0,1,0,0,0,0,0
Mozambique,MOZ,2023-02-19,1,0,1,0,0,0,0,0
Mozambique,MOZ,2023-02-12,1,0,1,0,0,0,0,0
Mozambique,MOZ,2023-02-05,1,0,1,0,0,0,0,0
Mozambique,MOZ,2023-01-29,1,0,1,0,0,0,0,0
Mozambique,MOZ,2023-01-22,1,0,1,0,0,0,0,0
Mozambique,MOZ,2023-01-15,1,0,1,0,0,0,0,0
Mozambique,MOZ,2023-01-08,1,0,1,0,0,0,0,0
Mozambique,MOZ,2023-01-01,1,0,1,0,0,0,0,0
Mozambique,MOZ,2022-12-25,1,0,1,0,0,0,0,0
Mozambique,MOZ,2022-12-18,1,0,1,0,0,0,0,0
Mozambique,MOZ,2022-12-11,1,0,1,0,0,0,0,0
Mozambique,MOZ,2022-12-04,1,0,1,0,0,0,0,0
Mozambique,MOZ,2022-11-27,1,0,1,0,0,0,0,0
Mozambique,MOZ,2022-11-20,1,0,1,0,0,0,0,0
Mozambique,MOZ,2022-11-13,1,0,1,0,0,0,0,0
Mozambique,MOZ,2022-11-06,1,0,1,0,0,0,0,0
Mozambique,MOZ,2022-10-30,1,0,1,0,0,0,0,0
Mozambique,MOZ,2022-10-23,1,0,1,0,0,0,1,0
Mozambique,MOZ,2022-10-16,1,0,0,0,0,0,0,0
Mozambique,MOZ,2022-10-09,1,0,0,0,1,0,0,0
Mozambique,MOZ,2022-10-02,0,0,0,0,0,0,0,0
Mozambique,MOZ,2022-09-25,0,0,0,0,0,0,0,0
Mozambique,MOZ,2022-09-18,0,0,0,0,0,0,0,0
Mozambique,MOZ,2022-09-11,0,0,0,0,0,0,0,0
Mozambique,MOZ,2022-09-04,0,0,0,0,0,0,0,0
Mozambique,MOZ,2022-08-28,0,0,0,0,0,0,0,0
Mozambique,MOZ,2022-08-21,0,0,0,0,0,0,0,0
Mozambique,MOZ,2022-08-14,0,0,0,0,0,0,0,0
Mozambique,MOZ,2022-08-07,0,0,0,0,0,0,0,0
Mozambique,MOZ,2022-07-31,0,0,0,0,0,0,0,0
Mozambique,MOZ,2022-07-24,0,0,0,0,0,0,0,0
Mozambique,MOZ,2022-07-17,0,0,0,0,0,0,0,0
Mozambique,MOZ,2022-07-10,0,0,0,0,0,0,0,0
Mozambique,MOZ,2022-07-03,0,0,0,0,0,0,0,0
Mozambique,MOZ,2022-06-26,0,0,0,0,0,0,0,0
Mozambique,MOZ,2022-06-19,0,0,0,0,0,0,0,0
Mozambique,MOZ,2022-06-12,0,0,0,0,0,0,0,0
Mozambique,MOZ,2022-06-05,0,0,0,0,0,0,0,0
Mozambique,MOZ,2022-05-29,0,0,0,0,0,0,0,0
Mozambique,MOZ,2022-05-22,0,0,0,0,0,0,0,0
Mozambique,MOZ,2022-05-15,0,0,0,0,0,0,0,0
Mozambique,MOZ,2022-05-08,0,0,0,0,0,0,0,0
Mozambique,MOZ,2022-05-01,0,0,0,0,0,0,0,0
Mozambique,MOZ,2022-04-24,0,0,0,0,0,0,0,0
Mozambique,MOZ,2022-04-17,0,0,0,0,0,0,0,0
Mozambique,MOZ,2022-04-10,0,0,0,0,0,0,0,0
Mozambique,MOZ,2022-04-03,0,0,0,0,0,0,0,0
Mozambique,MOZ,2022-03-27,0,0,0,0,0,0,0,0
Mozambique,MOZ,2022-03-20,0,0,0,0,0,0,0,0
Mozambique,MOZ,2022-03-13,0,0,0,0,0,0,0,0
Mozambique,MOZ,2022-03-06,0,0,0,0,0,0,0,0
Mozambique,MOZ,2022-02-27,0,0,0,0,0,0,0,0
Mozambique,MOZ,2022-02-20,0,0,0,0,0,0,0,0
Mozambique,MOZ,2022-02-13,0,0,0,0,0,0,0,0
Mozambique,MOZ,2022-02-06,0,0,0,0,0,0,0,0
Mozambique,MOZ,2022-01-30,0,0,0,0,0,0,0,0
Mozambique,MOZ,2022-01-23,0,0,0,0,0,0,0,0
Mozambique,MOZ,2022-01-16,0,0,0,0,0,0,0,0
Mozambique,MOZ,2022-01-09,0,0,0,0,0,0,0,0
Nigeria,NGA,2025-01-26,1067,0,9,0,6,0,0,0
Nigeria,NGA,2025-01-19,1061,0,9,0,5,0,0,0
Nigeria,NGA,2025-01-12,1056,0,9,0,4,0,0,0
Nigeria,NGA,2025-01-05,1052,0,9,0,2,0,0,0
Nigeria,NGA,2024-12-29,1050,0,9,0,4,0,0,0
Nigeria,NGA,2024-12-22,1046,0,9,0,4,0,0,0
Nigeria,NGA,2024-12-15,1042,0,9,0,6,0,0,0
Nigeria,NGA,2024-12-08,1036,0,9,0,15,0,0,0
Nigeria,NGA,2024-12-01,1021,0,9,0,7,0,0,0
Nigeria,NGA,2024-11-24,1014,0,9,0,3,0,0,0
Nigeria,NGA,2024-11-17,1011,0,9,0,6,0,0,0
Nigeria,NGA,2024-11-10,1005,0,9,0,13,0,0,0
Nigeria,NGA,2024-11-03,992,0,9,0,6,0,0,0
Nigeria,NGA,2024-10-27,986,0,9,0,10,0,0,0
Nigeria,NGA,2024-10-20,976,0,9,0,8,0,0,0
Nigeria,NGA,2024-10-13,968,0,9,0,9,0,0,0
Nigeria,NGA,2024-10-06,959,0,9,0,7,0,0,0
Nigeria,NGA,2024-09-29,952,0,9,0,10,0,0,0
Nigeria,NGA,2024-09-22,942,0,9,0,5,0,0,0
Nigeria,NGA,2024-09-15,937,0,9,0,6,0,0,0
Nigeria,NGA,2024-09-08,931,0,9,0,9,0,0,0
Nigeria,NGA,2024-09-01,922,0,9,0,8,0,0,0
Nigeria,NGA,2024-08-25,914,0,9,0,10,0,0,0
Nigeria,NGA,2024-08-18,904,0,9,0,3,0,0,0
Nigeria,NGA,2024-08-11,901,0,9,0,2,0,0,0
Nigeria,NGA,2024-08-04,899,0,9,0,0,0,0,0
Nigeria,NGA,2024-07-28,899,0,9,0,0,0,0,0
Nigeria,NGA,2024-07-21,899,0,9,0,1,0,0,0
Nigeria,NGA,2024-07-14,898,0,9,0,0,0,0,0
Nigeria,NGA,2024-07-07,898,0,9,0,3,0,0,0
Nigeria,NGA,2024-06-30,895,0,9,0,3,0,0,0
Nigeria,NGA,2024-06-23,892,0,9,0,1,0,0,0
Nigeria,NGA,2024-06-16,891,0,9,0,2,0,0,0
Nigeria,NGA,2024-06-09,889,0,9,0,1,0,0,0
Nigeria,NGA,2024-06-02,888,0,9,0,1,0,0,0
Nigeria,NGA,2024-05-26,887,0,9,0,2,0,0,0
Nigeria,NGA,2024-05-19,885,0,9,0,0,0,0,0
Nigeria,NGA,2024-05-12,885,0,9,0,0,0,0,0
Nigeria,NGA,2024-05-05,885,0,9,0,2,0,0,0
Nigeria,NGA,2024-04-28,883,0,9,0,2,0,0,0
Nigeria,NGA,2024-04-21,881,0,9,0,0,0,0,0
Nigeria,NGA,2024-04-14,881,0,9,0,1,0,0,0
Nigeria,NGA,2024-04-07,880,0,9,0,1,0,0,0
Nigeria,NGA,2024-03-31,879,0,9,0,6,0,0,0
Nigeria,NGA,2024-03-24,873,0,9,0,0,0,0,0
Nigeria,NGA,2024-03-17,873,0,9,0,2,0,0,0
Nigeria,NGA,2024-03-10,871,0,9,0,4,0,0,0
Nigeria,NGA,2024-03-03,867,0,9,0,0,0,0,0
Nigeria,NGA,2024-02-25,867,0,9,0,0,0,0,0
Nigeria,NGA,2024-02-18,867,0,9,0,2,0,0,0
Nigeria,NGA,2024-02-11,865,0,9,0,2,0,0,0
Nigeria,NGA,2024-02-04,863,0,9,0,0,0,0,0
Nigeria,NGA,2024-01-28,863,0,9,0,2,0,0,0
Nigeria,NGA,2024-01-21,861,0,9,0,0,0,0,0
Nigeria,NGA,2024-01-14,861,0,9,0,0,0,0,0
Nigeria,NGA,2024-01-07,861,0,9,0,0,0,0,0
Nigeria,NGA,2023-12-31,861,0,9,0,0,0,0,0
Nigeria,NGA,2023-12-24,861,0,9,0,1,0,0,0
Nigeria,NGA,2023-12-17,860,0,9,0,1,0,0,0
Nigeria,NGA,2023-12-10,859,0,9,0,0,0,0,0
Nigeria,NGA,2023-12-03,859,0,9,0,4,0,0,0
Nigeria,NGA,2023-11-26,855,0,9,0,8,0,0,0
Nigeria,NGA,2023-11-19,847,0,9,0,0,0,0,0
Nigeria,NGA,2023-11-12,847,0,9,0,1,0,0,0
Nigeria,NGA,2023-11-05,846,0,9,0,0,0,0,0
Nigeria,NGA,2023-10-29,846,0,9,0,0,0,0,0
Nigeria,NGA,2023-10-22,846,0,9,0,0,0,0,0
Nigeria,NGA,2023-10-15,846,0,9,0,0,0,0,0
Nigeria,NGA,2023-10-08,846,0,9,0,0,0,0,0
Nigeria,NGA,2023-10-01,846,0,9,0,0,0,0,0
Nigeria,NGA,2023-09-24,846,0,9,0,0,0,0,0
Nigeria,NGA,2023-09-17,846,0,9,0,0,0,0,0
Nigeria,NGA,2023-09-10,846,0,9,0,0,0,0,0
Nigeria,NGA,2023-09-03,846,0,9,0,0,0,0,0
Nigeria,NGA,2023-08-27,846,0,9,0,0,0,0,0
Nigeria,NGA,2023-08-20,846,0,9,0,0,0,0,0
Nigeria,NGA,2023-08-13,846,0,9,0,0,0,0,0
Nigeria,NGA,2023-08-06,846,0,9,0,0,0,0,0
Nigeria,NGA,2023-07-30,846,0,9,0,2,0,0,0
Nigeria,NGA,2023-07-23,844,0,9,0,0,0,0,0
Nigeria,NGA,2023-07-16,844,0,9,0,1,0,0,0
Nigeria,NGA,2023-07-09,843,0,9,0,0,0,0,0
Nigeria,NGA,2023-07-02,843,0,9,0,0,0,0,0
Nigeria,NGA,2023-06-25,843,0,9,0,0,0,0,0
Nigeria,NGA,2023-06-18,843,0,9,0,0,0,0,0
Nigeria,NGA,2023-06-11,843,0,9,0,1,0,0,0
Nigeria,NGA,2023-06-04,842,0,9,0,0,0,0,0
Nigeria,NGA,2023-05-28,842,0,9,0,0,0,0,0
Nigeria,NGA,2023-05-21,842,0,9,0,1,0,0,0
Nigeria,NGA,2023-05-14,841,0,9,0,4,0,0,0
Nigeria,NGA,2023-05-07,837,0,9,0,2,0,0,0
Nigeria,NGA,2023-04-30,835,0,9,0,0,0,0,0
Nigeria,NGA,2023-04-23,835,0,9,0,1,0,0,0
Nigeria,NGA,2023-04-16,834,0,9,0,1,0,0,0
Nigeria,NGA,2023-04-09,833,0,9,0,0,0,0,0
Nigeria,NGA,2023-04-02,833,0,9,0,4,0,0,0
Nigeria,NGA,2023-03-26,829,0,9,0,7,0,0,0
Nigeria,NGA,2023-03-19,822,0,9,0,2,0,0,0
Nigeria,NGA,2023-03-12,820,0,9,0,7,0,0,0
Nigeria,NGA,2023-03-05,813,0,9,0,2,0,0,0
Nigeria,NGA,2023-02-26,811,0,9,0,5,0,1,0
Nigeria,NGA,2023-02-19,806,0,8,0,5,0,0,0
Nigeria,NGA,2023-02-12,801,0,8,0,4,0,0,0
Nigeria,NGA,2023-02-05,797,0,8,0,7,0,0,0
Nigeria,NGA,2023-01-29,790,0,8,0,3,0,0,0
Nigeria,NGA,2023-01-22,787,0,8,0,11,0,0,0
Nigeria,NGA,2023-01-15,776,0,8,0,10,0,1,0
Nigeria,NGA,2023-01-08,766,0,7,0,3,0,0,0
Nigeria,NGA,2023-01-01,763,0,7,0,7,0,0,0
Nigeria,NGA,2022-12-25,756,0,7,0,3,0,0,0
Nigeria,NGA,2022-12-18,753,0,7,0,9,0,0,0
Nigeria,NGA,2022-12-11,744,0,7,0,24,0,0,0
Nigeria,NGA,2022-12-04,720,0,7,0,40,0,0,0
Nigeria,NGA,2022-11-27,680,0,7,0,21,0,0,0
Nigeria,NGA,2022-11-20,659,0,7,0,21,0,0,0
Nigeria,NGA,2022-11-13,638,0,7,0,14,0,0,0
Nigeria,NGA,2022-11-06,624,0,7,0,20,0,0,0
Nigeria,NGA,2022-10-30,604,0,7,0,21,0,0,0
Nigeria,NGA,2022-10-23,583,0,7,0,31,0,0,0
Nigeria,NGA,2022-10-16,552,0,7,0,22,0,0,0
Nigeria,NGA,2022-10-09,530,0,7,0,49,0,0,0
Nigeria,NGA,2022-10-02,481,0,7,0,25,0,0,0
Nigeria,NGA,2022-09-25,456,0,7,0,56,0,0,0
Nigeria,NGA,2022-09-18,400,0,7,0,51,0,0,0
Nigeria,NGA,2022-09-11,349,0,7,0,31,0,0,0
Nigeria,NGA,2022-09-04,318,0,7,0,41,0,1,0
Nigeria,NGA,2022-08-28,277,0,6,0,36,0,0,0
Nigeria,NGA,2022-08-21,241,0,6,0,21,0,2,0
Nigeria,NGA,2022-08-14,220,0,4,0,48,0,0,0
Nigeria,NGA,2022-08-07,172,0,4,0,15,0,1,0
Nigeria,NGA,2022-07-31,157,0,3,0,24,0,0,0
Nigeria,NGA,2022-07-24,133,0,3,0,15,0,0,0
Nigeria,NGA,2022-07-17,118,0,3,0,17,0,0,0
Nigeria,NGA,2022-07-10,101,0,3,0,17,0,0,0
Nigeria,NGA,2022-07-03,84,0,3,0,21,0,1,0
Nigeria,NGA,2022-06-26,63,0,2,0,22,0,0,0
Nigeria,NGA,2022-06-19,41,0,2,0,5,0,0,0
Nigeria,NGA,2022-06-12,36,0,2,0,4,0,0,0
Nigeria,NGA,2022-06-05,32,0,2,0,11,0,1,0
Nigeria,NGA,2022-05-29,21,0,1,0,0,0,0,0
Nigeria,NGA,2022-05-22,21,0,1,0,2,0,0,0
Nigeria,NGA,2022-05-15,19,0,1,0,4,0,0,0
Nigeria,NGA,2022-05-08,15,0,1,0,0,0,0,0
Nigeria,NGA,2022-05-01,15,0,1,0,1,0,0,0
Nigeria,NGA,2022-04-24,14,0,1,0,0,0,0,0
Nigeria,NGA,2022-04-17,14,0,1,0,1,0,0,0
Nigeria,NGA,2022-04-10,13,0,1,0,2,0,1,0
Nigeria,NGA,2022-04-03,11,0,0,0,1,0,0,0
Nigeria,NGA,2022-03-27,10,0,0,0,0,0,0,0
Nigeria,NGA,2022-03-20,10,0,0,0,1,0,0,0
Nigeria,NGA,2022-03-13,9,0,0,0,3,0,0,0
Nigeria,NGA,2022-03-06,6,0,0,0,2,0,0,0
Nigeria,NGA,2022-02-27,4,0,0,0,0,0,0,0
Nigeria,NGA,2022-02-20,4,0,0,0,1,0,0,0
Nigeria,NGA,2022-02-13,3,0,0,0,0,0,0,0
Nigeria,NGA,2022-02-06,3,0,0,0,0,0,0,0
Nigeria,NGA,2022-01-30,3,0,0,0,0,0,0,0
Nigeria,NGA,2022-01-23,3,0,0,0,1,0,0,0
Nigeria,NGA,2022-01-16,2,0,0,0,1,0,0,0
Nigeria,NGA,2022-01-09,1,0,0,0,1,0,0,0
Rwanda,RWA,2025-01-12,87,0,0,0,0,0,0,0
Rwanda,RWA,2025-01-05,87,0,0,0,5,0,0,0
Rwanda,RWA,2024-12-29,82,0,0,0,4,0,0,0
Rwanda,RWA,2024-12-22,78,0,0,0,4,0,0,0
Rwanda,RWA,2024-12-15,74,0,0,0,5,0,0,0
Rwanda,RWA,2024-12-08,69,0,0,0,10,0,0,0
Rwanda,RWA,2024-12-01,59,0,0,0,7,0,0,0
Rwanda,RWA,2024-11-24,52,0,0,0,0,0,0,0
Rwanda,RWA,2024-11-17,52,0,0,0,15,0,0,0
Rwanda,RWA,2024-11-10,37,0,0,0,11,0,0,0
Rwanda,RWA,2024-11-03,26,0,0,0,0,0,0,0
Rwanda,RWA,2024-10-27,26,0,0,0,4,0,0,0
Rwanda,RWA,2024-10-20,22,0,0,0,8,0,0,0
Rwanda,RWA,2024-10-13,14,0,0,0,4,0,0,0
Rwanda,RWA,2024-10-06,10,0,0,0,4,0,0,0
Rwanda,RWA,2024-09-29,6,0,0,0,0,0,0,0
Rwanda,RWA,2024-09-22,6,0,0,0,0,0,0,0
Rwanda,RWA,2024-09-15,6,0,0,0,2,0,0,0
Rwanda,RWA,2024-09-08,4,0,0,0,0,0,0,0
Rwanda,RWA,2024-09-01,4,0,0,0,0,0,0,0
Rwanda,RWA,2024-08-25,4,0,0,0,0,0,0,0
Rwanda,RWA,2024-08-18,4,0,0,0,0,0,0,0
Rwanda,RWA,2024-08-11,4,0,0,0,2,0,0,0
Rwanda,RWA,2024-08-04,2,0,0,0,0,0,0,0
Rwanda,RWA,2024-07-28,2,0,0,0,0,0,0,0
Rwanda,RWA,2024-07-21,2,0,0,0,2,0,0,0
Rwanda,RWA,2024-07-14,0,0,0,0,0,0,0,0
Rwanda,RWA,2024-07-07,0,0,0,0,0,0,0,0
Rwanda,RWA,2024-06-30,0,0,0,0,0,0,0,0
Rwanda,RWA,2024-06-23,0,0,0,0,0,0,0,0
Rwanda,RWA,2024-06-16,0,0,0,0,0,0,0,0
Rwanda,RWA,2024-06-09,0,0,0,0,0,0,0,0
Rwanda,RWA,2024-06-02,0,0,0,0,0,0,0,0
Sierra Leone,SLE,2025-02-02,17,0,0,0,1,0,0,0
Sierra Leone,SLE,2025-01-26,16,0,0,0,8,0,0,0
Sierra Leone,SLE,2025-01-19,8,0,0,0,6,0,0,0
Sierra Leone,SLE,2025-01-12,2,0,0,0,2,0,0,0
Sierra Leone,SLE,2025-01-05,0,0,0,0,0,0,0,0
South Africa,ZAF,2024-12-22,30,0,3,0,0,0,0,0
South Africa,ZAF,2024-12-15,30,0,3,0,0,0,0,0
South Africa,ZAF,2024-12-08,30,0,3,0,0,0,0,0
South Africa,ZAF,2024-12-01,30,0,3,0,0,0,0,0
South Africa,ZAF,2024-11-24,30,0,3,0,0,0,0,0
South Africa,ZAF,2024-11-17,30,0,3,0,0,0,0,0
South Africa,ZAF,2024-11-10,30,0,3,0,0,0,0,0
South Africa,ZAF,2024-11-03,30,0,3,0,0,0,0,0
South Africa,ZAF,2024-10-27,30,0,3,0,0,0,0,0
South Africa,ZAF,2024-10-20,30,0,3,0,0,0,0,0
South Africa,ZAF,2024-10-13,30,0,3,0,0,0,0,0
South Africa,ZAF,2024-10-06,30,0,3,0,0,0,0,0
South Africa,ZAF,2024-09-29,30,0,3,0,0,0,0,0
South Africa,ZAF,2024-09-22,30,0,3,0,0,0,0,0
South Africa,ZAF,2024-09-15,30,0,3,0,0,0,0,0
South Africa,ZAF,2024-09-08,30,0,3,0,1,0,0,0
South Africa,ZAF,2024-09-01,29,0,3,0,0,0,0,0
South Africa,ZAF,2024-08-25,29,0,3,0,0,0,0,0
South Africa,ZAF,2024-08-18,29,0,3,0,0,0,0,0
South Africa,ZAF,2024-08-11,29,0,3,0,0,0,0,0
South Africa,ZAF,2024-08-04,29,0,3,0,2,0,0,0
South Africa,ZAF,2024-07-28,27,0,3,0,0,0,0,0
South Africa,ZAF,2024-07-21,27,0,3,0,0,0,0,0
South Africa,ZAF,2024-07-14,27,0,3,0,2,0,0,0
South Africa,ZAF,2024-07-07,25,0,3,0,4,0,0,0
South Africa,ZAF,2024-06-30,21,0,3,0,0,0,0,0
South Africa,ZAF,2024-06-23,21,0,3,0,4,0,1,0
South Africa,ZAF,2024-06-16,17,0,2,0,7,0,0,0
South Africa,ZAF,2024-06-09,10,0,2,0,2,0,1,0
South Africa,ZAF,2024-06-02,8,0,1,0,1,0,0,0
South Africa,ZAF,2024-05-26,7,0,1,0,1,0,1,0
South Africa,ZAF,2024-05-19,6,0,0,0,0,0,0,0
South Africa,ZAF,2024-05-12,6,0,0,0,1,0,0,0
South Africa,ZAF,2024-05-05,5,0,0,0,0,0,0,0
South Africa,ZAF,2024-04-28,5,0,0,0,0,0,0,0
South Africa,ZAF,2024-04-21,5,0,0,0,0,0,0,0
South Africa,ZAF,2024-04-14,5,0,0,0,0,0,0,0
South Africa,ZAF,2024-04-07,5,0,0,0,0,0,0,0
South Africa,ZAF,2024-03-31,5,0,0,0,0,0,0,0
South Africa,ZAF,2024-03-24,5,0,0,0,0,0,0,0
South Africa,ZAF,2024-03-17,5,0,0,0,0,0,0,0
South Africa,ZAF,2024-03-10,5,0,0,0,0,0,0,0
South Africa,ZAF,2024-03-03,5,0,0,0,0,0,0,0
South Africa,ZAF,2024-02-25,5,0,0,0,0,0,0,0
South Africa,ZAF,2024-02-18,5,0,0,0,0,0,0,0
South Africa,ZAF,2024-02-11,5,0,0,0,0,0,0,0
South Africa,ZAF,2024-02-04,5,0,0,0,0,0,0,0
South Africa,ZAF,2024-01-28,5,0,0,0,0,0,0,0
South Africa,ZAF,2024-01-21,5,0,0,0,0,0,0,0
South Africa,ZAF,2024-01-14,5,0,0,0,0,0,0,0
South Africa,ZAF,2024-01-07,5,0,0,0,0,0,0,0
South Africa,ZAF,2023-12-31,5,0,0,0,0,0,0,0
South Africa,ZAF,2023-12-24,5,0,0,0,0,0,0,0
South Africa,ZAF,2023-12-17,5,0,0,0,0,0,0,0
South Africa,ZAF,2023-12-10,5,0,0,0,0,0,0,0
South Africa,ZAF,2023-12-03,5,0,0,0,0,0,0,0
South Africa,ZAF,2023-11-26,5,0,0,0,0,0,0,0
South Africa,ZAF,2023-11-19,5,0,0,0,0,0,0,0
South Africa,ZAF,2023-11-12,5,0,0,0,0,0,0,0
South Africa,ZAF,2023-11-05,5,0,0,0,0,0,0,0
South Africa,ZAF,2023-10-29,5,0,0,0,0,0,0,0
South Africa,ZAF,2023-10-22,5,0,0,0,0,0,0,0
South Africa,ZAF,2023-10-15,5,0,0,0,0,0,0,0
South Africa,ZAF,2023-10-08,5,0,0,0,0,0,0,0
South Africa,ZAF,2023-10-01,5,0,0,0,0,0,0,0
South Africa,ZAF,2023-09-24,5,0,0,0,0,0,0,0
South Africa,ZAF,2023-09-17,5,0,0,0,0,0,0,0
South Africa,ZAF,2023-09-10,5,0,0,0,0,0,0,0
South Africa,ZAF,2023-09-03,5,0,0,0,0,0,0,0
South Africa,ZAF,2023-08-27,5,0,0,0,0,0,0,0
South Africa,ZAF,2023-08-20,5,0,0,0,0,0,0,0
South Africa,ZAF,2023-08-13,5,0,0,0,0,0,0,0
South Africa,ZAF,2023-08-06,5,0,0,0,0,0,0,0
South Africa,ZAF,2023-07-30,5,0,0,0,0,0,0,0
South Africa,ZAF,2023-07-23,5,0,0,0,0,0,0,0
South Africa,ZAF,2023-07-16,5,0,0,0,0,0,0,0
South Africa,ZAF,2023-07-09,5,0,0,0,0,0,0,0
South Africa,ZAF,2023-07-02,5,0,0,0,0,0,0,0
South Africa,ZAF,2023-06-25,5,0,0,0,0,0,0,0
South Africa,ZAF,2023-06-18,5,0,0,0,0,0,0,0
South Africa,ZAF,2023-06-11,5,0,0,0,0,0,0,0
South Africa,ZAF,2023-06-04,5,0,0,0,0,0,0,0
South Africa,ZAF,2023-05-28,5,0,0,0,0,0,0,0
South Africa,ZAF,2023-05-21,5,0,0,0,0,0,0,0
South Africa,ZAF,2023-05-14,5,0,0,0,0,0,0,0
South Africa,ZAF,2023-05-07,5,0,0,0,0,0,0,0
South Africa,ZAF,2023-04-30,5,0,0,0,0,0,0,0
South Africa,ZAF,2023-04-23,5,0,0,0,0,0,0,0
South Africa,ZAF,2023-04-16,5,0,0,0,0,0,0,0
South Africa,ZAF,2023-04-09,5,0,0,0,0,0,0,0
South Africa,ZAF,2023-04-02,5,0,0,0,0,0,0,0
South Africa,ZAF,2023-03-26,5,0,0,0,0,0,0,0
South Africa,ZAF,2023-03-19,5,0,0,0,0,0,0,0
South Africa,ZAF,2023-03-12,5,0,0,0,0,0,0,0
South Africa,ZAF,2023-03-05,5,0,0,0,0,0,0,0
South Africa,ZAF,2023-02-26,5,0,0,0,0,0,0,0
South Africa,ZAF,2023-02-19,5,0,0,0,0,0,0,0
South Africa,ZAF,2023-02-12,5,0,0,0,0,0,0,0
South Africa,ZAF,2023-02-05,5,0,0,0,0,0,0,0
South Africa,ZAF,2023-01-29,5,0,0,0,0,0,0,0
South Africa,ZAF,2023-01-22,5,0,0,0,0,0,0,0
South Africa,ZAF,2023-01-15,5,0,0,0,0,0,0,0
South Africa,ZAF,2023-01-08,5,0,0,0,0,0,0,0
South Africa,ZAF,2023-01-01,5,0,0,0,0,0,0,0
South Africa,ZAF,2022-12-25,5,0,0,0,0,0,0,0
South Africa,ZAF,2022-12-18,5,0,0,0,0,0,0,0
South Africa,ZAF,2022-12-11,5,0,0,0,0,0,0,0
South Africa,ZAF,2022-12-04,5,0,0,0,0,0,0,0
South Africa,ZAF,2022-11-27,5,0,0,0,0,0,0,0
South Africa,ZAF,2022-11-20,5,0,0,0,0,0,0,0
South Africa,ZAF,2022-11-13,5,0,0,0,0,0,0,0
South Africa,ZAF,2022-11-06,5,0,0,0,0,0,0,0
South Africa,ZAF,2022-10-30,5,0,0,0,0,0,0,0
South Africa,ZAF,2022-10-23,5,0,0,0,0,0,0,0
South Africa,ZAF,2022-10-16,5,0,0,0,0,0,0,0
South Africa,ZAF,2022-10-09,5,0,0,0,0,0,0,0
South Africa,ZAF,2022-10-02,5,0,0,0,0,0,0,0
South Africa,ZAF,2022-09-25,5,0,0,0,0,0,0,0
South Africa,ZAF,2022-09-18,5,0,0,0,0,0,0,0
South Africa,ZAF,2022-09-11,5,0,0,0,0,0,0,0
South Africa,ZAF,2022-09-04,5,0,0,0,0,0,0,0
South Africa,ZAF,2022-08-28,5,0,0,0,1,0,0,0
South Africa,ZAF,2022-08-21,4,0,0,0,1,0,0,0
South Africa,ZAF,2022-08-14,3,0,0,0,0,0,0,0
South Africa,ZAF,2022-08-07,3,0,0,0,0,0,0,0
South Africa,ZAF,2022-07-31,3,0,0,0,1,0,0,0
South Africa,ZAF,2022-07-24,2,0,0,0,0,0,0,0
South Africa,ZAF,2022-07-17,2,0,0,0,1,0,0,0
South Africa,ZAF,2022-07-10,1,0,0,0,0,0,0,0
South Africa,ZAF,2022-07-03,1,0,0,0,1,0,0,0
South Africa,ZAF,2022-06-26,0,0,0,0,0,0,0,0
South Africa,ZAF,2022-06-19,0,0,0,0,0,0,0,0
South Africa,ZAF,2022-06-12,0,0,0,0,0,0,0,0
South Africa,ZAF,2022-06-05,0,0,0,0,0,0,0,0
South Africa,ZAF,2022-05-29,0,0,0,0,0,0,0,0
South Africa,ZAF,2022-05-22,0,0,0,0,0,0,0,0
South Africa,ZAF,2022-05-15,0,0,0,0,0,0,0,0
South Africa,ZAF,2022-05-08,0,0,0,0,0,0,0,0
South Africa,ZAF,2022-05-01,0,0,0,0,0,0,0,0
South Africa,ZAF,2022-04-24,0,0,0,0,0,0,0,0
South Africa,ZAF,2022-04-17,0,0,0,0,0,0,0,0
South Africa,ZAF,2022-04-10,0,0,0,0,0,0,0,0
South Africa,ZAF,2022-04-03,0,0,0,0,0,0,0,0
South Africa,ZAF,2022-03-27,0,0,0,0,0,0,0,0
South Africa,ZAF,2022-03-20,0,0,0,0,0,0,0,0
South Africa,ZAF,2022-03-13,0,0,0,0,0,0,0,0
South Africa,ZAF,2022-03-06,0,0,0,0,0,0,0,0
South Africa,ZAF,2022-02-27,0,0,0,0,0,0,0,0
South Africa,ZAF,2022-02-20,0,0,0,0,0,0,0,0
South Africa,ZAF,2022-02-13,0,0,0,0,0,0,0,0
South Africa,ZAF,2022-02-06,0,0,0,0,0,0,0,0
South Africa,ZAF,2022-01-30,0,0,0,0,0,0,0,0
South Africa,ZAF,2022-01-23,0,0,0,0,0,0,0,0
South Africa,ZAF,2022-01-16,0,0,0,0,0,0,0,0
South Africa,ZAF,2022-01-09,0,0,0,0,0,0,0,0
Sudan,SDN,2023-04-09,19,0,1,0,1,0,0,0
Sudan,SDN,2022-10-23,18,0,1,0,1,0,0,0
Sudan,SDN,2022-10-02,17,0,1,0,10,0,0,0
Sudan,SDN,2022-09-25,7,0,1,0,1,0,0,0
Sudan,SDN,2022-09-18,6,0,1,0,2,0,1,0
Sudan,SDN,2022-09-11,4,0,0,0,2,0,0,0
Sudan,SDN,2022-08-14,2,0,0,0,1,0,0,0
Sudan,SDN,2022-08-07,1,0,0,0,1,0,0,0
Uganda,UGA,2025-02-02,2479,0,16,0,29,0,0,0
Uganda,UGA,2025-01-26,2450,0,16,0,323,0,3,0
Uganda,UGA,2025-01-19,2127,0,13,0,291,0,1,0
Uganda,UGA,2025-01-12,1836,0,12,0,278,0,1,0
Uganda,UGA,2025-01-05,1558,0,11,0,206,0,1,0
Uganda,UGA,2024-12-29,1352,0,10,0,99,0,1,0
Uganda,UGA,2024-12-22,1253,0,9,0,168,0,1,0
Uganda,UGA,2024-12-15,1085,0,8,0,125,0,1,0
Uganda,UGA,2024-12-08,960,0,7,0,134,0,0,0
Uganda,UGA,2024-12-01,826,0,7,0,133,0,2,0
Uganda,UGA,2024-11-24,693,0,5,0,124,0,1,0
Uganda,UGA,2024-11-17,569,0,4,0,107,0,1,0
Uganda,UGA,2024-11-10,462,0,3,0,85,0,1,0
Uganda,UGA,2024-11-03,377,0,2,0,105,0,1,0
Uganda,UGA,2024-10-27,272,0,1,0,108,0,1,0
Uganda,UGA,2024-10-20,164,0,0,0,53,0,0,0
Uganda,UGA,2024-10-13,111,0,0,0,41,0,0,0
Uganda,UGA,2024-10-06,70,0,0,0,32,0,0,0
Uganda,UGA,2024-09-29,38,0,0,0,16,0,0,0
Uganda,UGA,2024-09-22,22,0,0,0,11,0,0,0
Uganda,UGA,2024-09-15,11,0,0,0,1,0,0,0
Uganda,UGA,2024-09-08,10,0,0,0,2,0,0,0
Uganda,UGA,2024-09-01,8,0,0,0,1,0,0,0
Uganda,UGA,2024-08-25,7,0,0,0,1,0,0,0
Uganda,UGA,2024-08-18,6,0,0,0,1,0,0,0
Uganda,UGA,2024-08-11,5,0,0,0,2,0,0,0
Uganda,UGA,2024-08-04,3,0,0,0,0,0,0,0
Uganda,UGA,2024-07-28,3,0,0,0,0,0,0,0
Uganda,UGA,2024-07-21,3,0,0,0,0,0,0,0
Uganda,UGA,2024-07-14,3,0,0,0,3,0,0,0
Uganda,UGA,2024-07-07,0,0,0,0,0,0,0,0
Zambia,ZMB,2025-01-26,16,9,0,0,8,6,0,0
Zambia,ZMB,2025-01-19,8,3,0,0,3,0,0,0
Zambia,ZMB,2025-01-12,5,3,0,0,1,0,0,0
Zambia,ZMB,2025-01-05,4,3,0,0,1,3,0,0
Zambia,ZMB,2024-12-29,3,0,0,0,2,0,0,0
Zambia,ZMB,2024-12-22,1,0,0,0,0,0,0,0
Zambia,ZMB,2024-12-15,1,0,0,0,0,0,0,0
Zambia,ZMB,2024-12-08,1,0,0,0,0,0,0,0
Zambia,ZMB,2024-12-01,1,0,0,0,0,0,0,0
Zambia,ZMB,2024-11-24,1,0,0,0,0,0,0,0
Zambia,ZMB,2024-11-17,1,0,0,0,0,0,0,0
Zambia,ZMB,2024-11-10,1,0,0,0,0,0,0,0
Zambia,ZMB,2024-11-03,1,0,0,0,0,0,0,0
Zambia,ZMB,2024-10-27,1,0,0,0,0,0,0,0
Zambia,ZMB,2024-10-20,1,0,0,0,0,0,0,0
Zambia,ZMB,2024-10-13,1,0,0,0,1,0,0,0
Zambia,ZMB,2024-10-06,0,0,0,0,0,0,0,0
Zimbabwe,ZWE,2024-12-29,2,0,0,0,0,0,0,0
Zimbabwe,ZWE,2024-12-22,2,0,0,0,0,0,0,0
Zimbabwe,ZWE,2024-12-15,2,0,0,0,0,0,0,0
Zimbabwe,ZWE,2024-12-08,2,0,0,0,0,0,0,0
Zimbabwe,ZWE,2024-12-01,2,0,0,0,0,0,0,0
Zimbabwe,ZWE,2024-11-24,2,0,0,0,0,0,0,0
Zimbabwe,ZWE,2024-11-17,2,0,0,0,0,0,0,0
Zimbabwe,ZWE,2024-11-10,2,0,0,0,0,0,0,0
Zimbabwe,ZWE,2024-11-03,2,0,0,0,0,0,0,0
Zimbabwe,ZWE,2024-10-27,2,0,0,0,0,0,0,0
Zimbabwe,ZWE,2024-10-20,2,0,0,0,0,0,0,0
Zimbabwe,ZWE,2024-10-13,2,0,0,0,2,0,0,0
Zimbabwe,ZWE,2024-10-06,0,0,0,0,0,0,0,0
